record_id,session_id,username,sql_id,sql,,GT_sql
c9da76da-8852-4f87-b6f7-46fbc71c97f5,6de1d0b5-c758-4cee-a6f3-d361ba658a4b,zhengning,2149,SELECT projects.project_details FROM projects JOIN project_staff ON projects.project_id = project_staff.project_id WHERE project_staff.role_code = 'researcher',A1a,SELECT project_details FROM Projects WHERE project_id NOT IN ( SELECT project_id FROM Project_Staff WHERE role_code = 'researcher' )
c9da76da-8852-4f87-b6f7-46fbc71c97f5,6de1d0b5-c758-4cee-a6f3-d361ba658a4b,zhengning,2149,SELECT projects.project_details FROM projects JOIN project_staff ON projects.project_id = project_staff.project_id WHERE project_staff.role_code = 'researcher',A1a,SELECT project_details FROM Projects WHERE project_id NOT IN ( SELECT project_id FROM Project_Staff WHERE role_code = 'researcher' )
c9da76da-8852-4f87-b6f7-46fbc71c97f5,6de1d0b5-c758-4cee-a6f3-d361ba658a4b,zhengning,2149,SELECT projects.project_details FROM projects JOIN project_staff ON projects.project_id = project_staff.project_id WHERE project_staff.role_code = 'researcher',A1a,SELECT project_details FROM Projects WHERE project_id NOT IN ( SELECT project_id FROM Project_Staff WHERE role_code = 'researcher' )
c9da76da-8852-4f87-b6f7-46fbc71c97f5,6de1d0b5-c758-4cee-a6f3-d361ba658a4b,zhengning,2149,SELECT projects.project_details FROM projects JOIN project_staff ON projects.project_id = project_staff.project_id WHERE project_staff.role_code = 'researcher',A1a,SELECT project_details FROM Projects WHERE project_id NOT IN ( SELECT project_id FROM Project_Staff WHERE role_code = 'researcher' )
586c3ee8-a8b9-465b-9e75-e00e4b21773c,6de1d0b5-c758-4cee-a6f3-d361ba658a4b,zhengning,532,"SELECT COUNT( * ) , plays_games.stuid FROM plays_games","BL2, CL1, L4",SELECT sum(gamesplayed) FROM Sportsinfo
a58284f0-43dc-4a16-b65d-0cf5a5f09e9e,6de1d0b5-c758-4cee-a6f3-d361ba658a4b,zhengning,532,"SELECT COUNT( * ) , plays_games.stuid FROM plays_games","BL2, CL1, L4",SELECT sum(gamesplayed) FROM Sportsinfo
a58284f0-43dc-4a16-b65d-0cf5a5f09e9e,6de1d0b5-c758-4cee-a6f3-d361ba658a4b,zhengning,532,"SELECT COUNT( * ) , plays_games.stuid FROM plays_games","BL2, CL1, L4",SELECT sum(gamesplayed) FROM Sportsinfo
586c3ee8-a8b9-465b-9e75-e00e4b21773c,6de1d0b5-c758-4cee-a6f3-d361ba658a4b,zhengning,532,"SELECT COUNT( * ) , plays_games.stuid FROM plays_games","BL2, CL1, L4",SELECT sum(gamesplayed) FROM Sportsinfo
a58284f0-43dc-4a16-b65d-0cf5a5f09e9e,6de1d0b5-c758-4cee-a6f3-d361ba658a4b,zhengning,532,"SELECT COUNT( * ) , plays_games.stuid FROM plays_games","BL2, CL1, L4",SELECT sum(gamesplayed) FROM Sportsinfo
f66a55a0-bf2e-4248-b9fa-33ff33b5ef68,6de1d0b5-c758-4cee-a6f3-d361ba658a4b,zhengning,2094,SELECT film_market_estimation.year FROM film_market_estimation JOIN market ON film_market_estimation.market_id = market.market_id WHERE market.country = 'Japan',KA1b,"SELECT T1.Year FROM film_market_estimation AS T1 JOIN market AS T2 ON T1.Market_ID = T2.Market_ID WHERE T2.Country = ""Japan"" ORDER BY T1.Year DESC"
f66a55a0-bf2e-4248-b9fa-33ff33b5ef68,6de1d0b5-c758-4cee-a6f3-d361ba658a4b,zhengning,2094,SELECT film_market_estimation.year FROM film_market_estimation JOIN market ON film_market_estimation.market_id = market.market_id WHERE market.country = 'Japan',KA1b,"SELECT T1.Year FROM film_market_estimation AS T1 JOIN market AS T2 ON T1.Market_ID = T2.Market_ID WHERE T2.Country = ""Japan"" ORDER BY T1.Year DESC"
f66a55a0-bf2e-4248-b9fa-33ff33b5ef68,6de1d0b5-c758-4cee-a6f3-d361ba658a4b,zhengning,2094,SELECT film_market_estimation.year FROM film_market_estimation JOIN market ON film_market_estimation.market_id = market.market_id WHERE market.country = 'Japan',KA1b,"SELECT T1.Year FROM film_market_estimation AS T1 JOIN market AS T2 ON T1.Market_ID = T2.Market_ID WHERE T2.Country = ""Japan"" ORDER BY T1.Year DESC"
f66a55a0-bf2e-4248-b9fa-33ff33b5ef68,6de1d0b5-c758-4cee-a6f3-d361ba658a4b,zhengning,2094,SELECT film_market_estimation.year FROM film_market_estimation JOIN market ON film_market_estimation.market_id = market.market_id WHERE market.country = 'Japan',KA1b,"SELECT T1.Year FROM film_market_estimation AS T1 JOIN market AS T2 ON T1.Market_ID = T2.Market_ID WHERE T2.Country = ""Japan"" ORDER BY T1.Year DESC"
eb73e651-e21c-41a0-a662-dc8eba3a2e0e,6de1d0b5-c758-4cee-a6f3-d361ba658a4b,zhengning,1125,"SELECT player.name_first , player.name_first FROM player JOIN all_star ON player.player_id = all_star.player_id WHERE all_star.year = 1998",BL2,"SELECT name_first , name_last FROM player AS T1 JOIN all_star AS T2 ON T1.player_id = T2.player_id WHERE YEAR = 1998"
eb73e651-e21c-41a0-a662-dc8eba3a2e0e,6de1d0b5-c758-4cee-a6f3-d361ba658a4b,zhengning,1125,"SELECT player.name_first , player.name_first FROM player JOIN all_star ON player.player_id = all_star.player_id WHERE all_star.year = 1998",BL2,"SELECT name_first , name_last FROM player AS T1 JOIN all_star AS T2 ON T1.player_id = T2.player_id WHERE YEAR = 1998"
eb73e651-e21c-41a0-a662-dc8eba3a2e0e,6de1d0b5-c758-4cee-a6f3-d361ba658a4b,zhengning,1125,"SELECT player.name_first , player.name_first FROM player JOIN all_star ON player.player_id = all_star.player_id WHERE all_star.year = 1998",BL2,"SELECT name_first , name_last FROM player AS T1 JOIN all_star AS T2 ON T1.player_id = T2.player_id WHERE YEAR = 1998"
eb73e651-e21c-41a0-a662-dc8eba3a2e0e,6de1d0b5-c758-4cee-a6f3-d361ba658a4b,zhengning,1125,"SELECT player.name_first , player.name_first FROM player JOIN all_star ON player.player_id = all_star.player_id WHERE all_star.year = 1998",BL2,"SELECT name_first , name_last FROM player AS T1 JOIN all_star AS T2 ON T1.player_id = T2.player_id WHERE YEAR = 1998"
45108a22-9004-4f3b-9383-cc0fa8fe919d,6de1d0b5-c758-4cee-a6f3-d361ba658a4b,zhengning,2294,SELECT sportsinfo.stuid FROM sportsinfo WHERE student.sex = 'f' AND sportsinfo.sportname = 'football',"CL1, D1a","SELECT StuID FROM Student WHERE sex = 'F' INTERSECT SELECT StuID FROM Sportsinfo WHERE sportname = ""Football"""
45108a22-9004-4f3b-9383-cc0fa8fe919d,6de1d0b5-c758-4cee-a6f3-d361ba658a4b,zhengning,2294,SELECT sportsinfo.stuid FROM sportsinfo WHERE student.sex = 'f' AND sportsinfo.sportname = 'football',"CL1, D1a","SELECT StuID FROM Student WHERE sex = 'F' INTERSECT SELECT StuID FROM Sportsinfo WHERE sportname = ""Football"""
45108a22-9004-4f3b-9383-cc0fa8fe919d,6de1d0b5-c758-4cee-a6f3-d361ba658a4b,zhengning,2294,SELECT sportsinfo.stuid FROM sportsinfo WHERE student.sex = 'f' AND sportsinfo.sportname = 'football',"CL1, D1a","SELECT StuID FROM Student WHERE sex = 'F' INTERSECT SELECT StuID FROM Sportsinfo WHERE sportname = ""Football"""
45108a22-9004-4f3b-9383-cc0fa8fe919d,6de1d0b5-c758-4cee-a6f3-d361ba658a4b,zhengning,2294,SELECT sportsinfo.stuid FROM sportsinfo WHERE student.sex = 'f' AND sportsinfo.sportname = 'football',"CL1, D1a","SELECT StuID FROM Student WHERE sex = 'F' INTERSECT SELECT StuID FROM Sportsinfo WHERE sportname = ""Football"""
d0f14a0f-3982-402b-813c-f3a688dc65e7,6de1d0b5-c758-4cee-a6f3-d361ba658a4b,zhengning,1274,SELECT COUNT( * ) FROM person WHERE person.age > 30 AND person.job = 'engineers',D1b,SELECT count(*) FROM Person WHERE age > 30 AND job = 'engineer'
d0f14a0f-3982-402b-813c-f3a688dc65e7,6de1d0b5-c758-4cee-a6f3-d361ba658a4b,zhengning,1274,SELECT COUNT( * ) FROM person WHERE person.age > 30 AND person.job = 'engineers',D1b,SELECT count(*) FROM Person WHERE age > 30 AND job = 'engineer'
d0f14a0f-3982-402b-813c-f3a688dc65e7,6de1d0b5-c758-4cee-a6f3-d361ba658a4b,zhengning,1274,SELECT COUNT( * ) FROM person WHERE person.age > 30 AND person.job = 'engineers',D1b,SELECT count(*) FROM Person WHERE age > 30 AND job = 'engineer'
d0f14a0f-3982-402b-813c-f3a688dc65e7,6de1d0b5-c758-4cee-a6f3-d361ba658a4b,zhengning,1274,SELECT COUNT( * ) FROM person WHERE person.age > 30 AND person.job = 'engineers',D1b,SELECT count(*) FROM Person WHERE age > 30 AND job = 'engineer'
1beef434-897a-4bc1-8cba-8f1f50e5fa28,6de1d0b5-c758-4cee-a6f3-d361ba658a4b,zhengning,251,SELECT park.city FROM park GROUP BY park.city HAVING COUNT( * ) > 2,"BN1, BL1",SELECT state FROM park GROUP BY state HAVING count(*) > 2;
1beef434-897a-4bc1-8cba-8f1f50e5fa28,6de1d0b5-c758-4cee-a6f3-d361ba658a4b,zhengning,251,SELECT park.city FROM park GROUP BY park.city HAVING COUNT( * ) > 2,"BN1, BL1",SELECT state FROM park GROUP BY state HAVING count(*) > 2;
1beef434-897a-4bc1-8cba-8f1f50e5fa28,6de1d0b5-c758-4cee-a6f3-d361ba658a4b,zhengning,251,SELECT park.city FROM park GROUP BY park.city HAVING COUNT( * ) > 2,"BN1, BL1",SELECT state FROM park GROUP BY state HAVING count(*) > 2;
1beef434-897a-4bc1-8cba-8f1f50e5fa28,6de1d0b5-c758-4cee-a6f3-d361ba658a4b,zhengning,251,SELECT park.city FROM park GROUP BY park.city HAVING COUNT( * ) > 2,"BN1, BL1",SELECT state FROM park GROUP BY state HAVING count(*) > 2;
11408991-c39d-4c93-9f0b-5244a206409a,6de1d0b5-c758-4cee-a6f3-d361ba658a4b,zhengning,1978,SELECT competition.country FROM competition WHERE competition.competition_type = 'friendly' INTERSECT SELECT competition.country FROM competition WHERE competition.competition_type = 'tournament',D1a,SELECT country FROM competition WHERE competition_type = 'Friendly' INTERSECT SELECT country FROM competition WHERE competition_type = 'Tournament'
11408991-c39d-4c93-9f0b-5244a206409a,6de1d0b5-c758-4cee-a6f3-d361ba658a4b,zhengning,1978,SELECT competition.country FROM competition WHERE competition.competition_type = 'friendly' INTERSECT SELECT competition.country FROM competition WHERE competition.competition_type = 'tournament',D1a,SELECT country FROM competition WHERE competition_type = 'Friendly' INTERSECT SELECT country FROM competition WHERE competition_type = 'Tournament'
11408991-c39d-4c93-9f0b-5244a206409a,6de1d0b5-c758-4cee-a6f3-d361ba658a4b,zhengning,1978,SELECT competition.country FROM competition WHERE competition.competition_type = 'friendly' INTERSECT SELECT competition.country FROM competition WHERE competition.competition_type = 'tournament',D1a,SELECT country FROM competition WHERE competition_type = 'Friendly' INTERSECT SELECT country FROM competition WHERE competition_type = 'Tournament'
11408991-c39d-4c93-9f0b-5244a206409a,6de1d0b5-c758-4cee-a6f3-d361ba658a4b,zhengning,1978,SELECT competition.country FROM competition WHERE competition.competition_type = 'friendly' INTERSECT SELECT competition.country FROM competition WHERE competition.competition_type = 'tournament',D1a,SELECT country FROM competition WHERE competition_type = 'Friendly' INTERSECT SELECT country FROM competition WHERE competition_type = 'Tournament'
f23b18ea-27d9-41fa-bea2-c02b0f6b5578,6de1d0b5-c758-4cee-a6f3-d361ba658a4b,zhengning,2018,SELECT song.song_name FROM song WHERE song.rating<(SELECT MIN( song.rating ) FROM song WHERE song.languages = 'English'),D1a,SELECT song_name FROM song WHERE rating < (SELECT min(rating) FROM song WHERE languages = 'english')
f23b18ea-27d9-41fa-bea2-c02b0f6b5578,6de1d0b5-c758-4cee-a6f3-d361ba658a4b,zhengning,2018,SELECT song.song_name FROM song WHERE song.rating<(SELECT MIN( song.rating ) FROM song WHERE song.languages = 'English'),D1a,SELECT song_name FROM song WHERE rating < (SELECT min(rating) FROM song WHERE languages = 'english')
f23b18ea-27d9-41fa-bea2-c02b0f6b5578,6de1d0b5-c758-4cee-a6f3-d361ba658a4b,zhengning,2018,SELECT song.song_name FROM song WHERE song.rating<(SELECT MIN( song.rating ) FROM song WHERE song.languages = 'English'),D1a,SELECT song_name FROM song WHERE rating < (SELECT min(rating) FROM song WHERE languages = 'english')
f23b18ea-27d9-41fa-bea2-c02b0f6b5578,6de1d0b5-c758-4cee-a6f3-d361ba658a4b,zhengning,2018,SELECT song.song_name FROM song WHERE song.rating<(SELECT MIN( song.rating ) FROM song WHERE song.languages = 'English'),D1a,SELECT song_name FROM song WHERE rating < (SELECT min(rating) FROM song WHERE languages = 'english')
bae24592-2f23-4e83-9564-018da6d9bd71,6de1d0b5-c758-4cee-a6f3-d361ba658a4b,zhengning,1331,"SELECT faculty.fname FROM faculty WHERE faculty.rank = 'professors,' ORDER BY faculty.fname ASC","K4, D1a, D1b","SELECT Fname FROM FACULTY WHERE Rank = ""Professor"" ORDER BY Fname"
d0a242c0-15b5-4189-bcbb-f3cd87992eaf,6de1d0b5-c758-4cee-a6f3-d361ba658a4b,zhengning,1331,"SELECT faculty.fname FROM faculty WHERE faculty.rank = 'professors,' ORDER BY faculty.fname ASC","K4, D1a, D1b","SELECT Fname FROM FACULTY WHERE Rank = ""Professor"" ORDER BY Fname"
bae24592-2f23-4e83-9564-018da6d9bd71,6de1d0b5-c758-4cee-a6f3-d361ba658a4b,zhengning,1331,"SELECT faculty.fname FROM faculty WHERE faculty.rank = 'professors,' ORDER BY faculty.fname ASC","K4, D1a, D1b","SELECT Fname FROM FACULTY WHERE Rank = ""Professor"" ORDER BY Fname"
d0a242c0-15b5-4189-bcbb-f3cd87992eaf,6de1d0b5-c758-4cee-a6f3-d361ba658a4b,zhengning,1331,"SELECT faculty.fname FROM faculty WHERE faculty.rank = 'professors,' ORDER BY faculty.fname ASC","K4, D1a, D1b","SELECT Fname FROM FACULTY WHERE Rank = ""Professor"" ORDER BY Fname"
bae24592-2f23-4e83-9564-018da6d9bd71,6de1d0b5-c758-4cee-a6f3-d361ba658a4b,zhengning,1331,"SELECT faculty.fname FROM faculty WHERE faculty.rank = 'professors,' ORDER BY faculty.fname ASC","K4, D1a, D1b","SELECT Fname FROM FACULTY WHERE Rank = ""Professor"" ORDER BY Fname"
d0a242c0-15b5-4189-bcbb-f3cd87992eaf,6de1d0b5-c758-4cee-a6f3-d361ba658a4b,zhengning,1331,"SELECT faculty.fname FROM faculty WHERE faculty.rank = 'professors,' ORDER BY faculty.fname ASC","K4, D1a, D1b","SELECT Fname FROM FACULTY WHERE Rank = ""Professor"" ORDER BY Fname"
bae24592-2f23-4e83-9564-018da6d9bd71,6de1d0b5-c758-4cee-a6f3-d361ba658a4b,zhengning,1331,"SELECT faculty.fname FROM faculty WHERE faculty.rank = 'professors,' ORDER BY faculty.fname ASC","K4, D1a, D1b","SELECT Fname FROM FACULTY WHERE Rank = ""Professor"" ORDER BY Fname"
2edf1f36-b105-4284-8a21-e96237c4caf4,6de1d0b5-c758-4cee-a6f3-d361ba658a4b,zhengning,1139,SELECT COUNT( * ) FROM postseason JOIN team ON postseason.team_id_loser = team.team_id_br WHERE team.name = 'Boston Red Stockings' AND postseason.losses = 2009,BF4,SELECT count(*) FROM postseason AS T1 JOIN team AS T2 ON T1.team_id_loser = T2.team_id_br WHERE T2.name = 'Boston Red Stockings' AND T1.year = 2009;
2edf1f36-b105-4284-8a21-e96237c4caf4,6de1d0b5-c758-4cee-a6f3-d361ba658a4b,zhengning,1139,SELECT COUNT( * ) FROM postseason JOIN team ON postseason.team_id_loser = team.team_id_br WHERE team.name = 'Boston Red Stockings' AND postseason.losses = 2009,BF4,SELECT count(*) FROM postseason AS T1 JOIN team AS T2 ON T1.team_id_loser = T2.team_id_br WHERE T2.name = 'Boston Red Stockings' AND T1.year = 2009;
2edf1f36-b105-4284-8a21-e96237c4caf4,6de1d0b5-c758-4cee-a6f3-d361ba658a4b,zhengning,1139,SELECT COUNT( * ) FROM postseason JOIN team ON postseason.team_id_loser = team.team_id_br WHERE team.name = 'Boston Red Stockings' AND postseason.losses = 2009,BF4,SELECT count(*) FROM postseason AS T1 JOIN team AS T2 ON T1.team_id_loser = T2.team_id_br WHERE T2.name = 'Boston Red Stockings' AND T1.year = 2009;
2edf1f36-b105-4284-8a21-e96237c4caf4,6de1d0b5-c758-4cee-a6f3-d361ba658a4b,zhengning,1139,SELECT COUNT( * ) FROM postseason JOIN team ON postseason.team_id_loser = team.team_id_br WHERE team.name = 'Boston Red Stockings' AND postseason.losses = 2009,BF4,SELECT count(*) FROM postseason AS T1 JOIN team AS T2 ON T1.team_id_loser = T2.team_id_br WHERE T2.name = 'Boston Red Stockings' AND T1.year = 2009;
90f0447f-609c-44ac-b7dc-50349766ca04,6de1d0b5-c758-4cee-a6f3-d361ba658a4b,zhengning,2179,SELECT department.dname FROM minor_in JOIN department ON minor_in.dno = department.dno GROUP BY minor_in.dno HAVING COUNT( * ) = 1,"N3, O2",SELECT DName FROM DEPARTMENT EXCEPT SELECT T1.DName FROM DEPARTMENT AS T1 JOIN MINOR_IN AS T2 ON T1.DNO = T2.DNO
90f0447f-609c-44ac-b7dc-50349766ca04,6de1d0b5-c758-4cee-a6f3-d361ba658a4b,zhengning,2179,SELECT department.dname FROM minor_in JOIN department ON minor_in.dno = department.dno GROUP BY minor_in.dno HAVING COUNT( * ) = 1,"N3, O2",SELECT DName FROM DEPARTMENT EXCEPT SELECT T1.DName FROM DEPARTMENT AS T1 JOIN MINOR_IN AS T2 ON T1.DNO = T2.DNO
90f0447f-609c-44ac-b7dc-50349766ca04,6de1d0b5-c758-4cee-a6f3-d361ba658a4b,zhengning,2179,SELECT department.dname FROM minor_in JOIN department ON minor_in.dno = department.dno GROUP BY minor_in.dno HAVING COUNT( * ) = 1,"N3, O2",SELECT DName FROM DEPARTMENT EXCEPT SELECT T1.DName FROM DEPARTMENT AS T1 JOIN MINOR_IN AS T2 ON T1.DNO = T2.DNO
90f0447f-609c-44ac-b7dc-50349766ca04,6de1d0b5-c758-4cee-a6f3-d361ba658a4b,zhengning,2179,SELECT department.dname FROM minor_in JOIN department ON minor_in.dno = department.dno GROUP BY minor_in.dno HAVING COUNT( * ) = 1,"N3, O2",SELECT DName FROM DEPARTMENT EXCEPT SELECT T1.DName FROM DEPARTMENT AS T1 JOIN MINOR_IN AS T2 ON T1.DNO = T2.DNO
2a3f3524-3500-4188-8878-b6c8af5a5b0b,1e6c76df-1de7-479e-881c-a4ee90059d2a,zhengning,2153,SELECT projects.project_details FROM projects JOIN project_outcomes ON projects.project_id = project_outcomes.project_id,A1a,SELECT project_details FROM Projects WHERE project_id NOT IN ( SELECT project_id FROM Project_outcomes )
2a3f3524-3500-4188-8878-b6c8af5a5b0b,1e6c76df-1de7-479e-881c-a4ee90059d2a,zhengning,2153,SELECT projects.project_details FROM projects JOIN project_outcomes ON projects.project_id = project_outcomes.project_id,A1a,SELECT project_details FROM Projects WHERE project_id NOT IN ( SELECT project_id FROM Project_outcomes )
2a3f3524-3500-4188-8878-b6c8af5a5b0b,1e6c76df-1de7-479e-881c-a4ee90059d2a,zhengning,2153,SELECT projects.project_details FROM projects JOIN project_outcomes ON projects.project_id = project_outcomes.project_id,A1a,SELECT project_details FROM Projects WHERE project_id NOT IN ( SELECT project_id FROM Project_outcomes )
2a3f3524-3500-4188-8878-b6c8af5a5b0b,1e6c76df-1de7-479e-881c-a4ee90059d2a,zhengning,2153,SELECT projects.project_details FROM projects JOIN project_outcomes ON projects.project_id = project_outcomes.project_id,A1a,SELECT project_details FROM Projects WHERE project_id NOT IN ( SELECT project_id FROM Project_outcomes )
b2a53cd0-594d-4f48-85ad-46738c2aa099,1e6c76df-1de7-479e-881c-a4ee90059d2a,zhengning,2168,"SELECT COUNT( * ) , person.job FROM person WHERE person.job = 'engineer' GROUP BY person.job","BL2, N3, F4",SELECT count(*) FROM Person WHERE age > (SELECT max(age) FROM person WHERE job = 'engineer')
b2a53cd0-594d-4f48-85ad-46738c2aa099,1e6c76df-1de7-479e-881c-a4ee90059d2a,zhengning,2168,"SELECT COUNT( * ) , person.job FROM person WHERE person.job = 'engineer' GROUP BY person.job","BL2, N3, F4",SELECT count(*) FROM Person WHERE age > (SELECT max(age) FROM person WHERE job = 'engineer')
b2a53cd0-594d-4f48-85ad-46738c2aa099,1e6c76df-1de7-479e-881c-a4ee90059d2a,zhengning,2168,"SELECT COUNT( * ) , person.job FROM person WHERE person.job = 'engineer' GROUP BY person.job","BL2, N3, F4",SELECT count(*) FROM Person WHERE age > (SELECT max(age) FROM person WHERE job = 'engineer')
b2a53cd0-594d-4f48-85ad-46738c2aa099,1e6c76df-1de7-479e-881c-a4ee90059d2a,zhengning,2168,"SELECT COUNT( * ) , person.job FROM person WHERE person.job = 'engineer' GROUP BY person.job","BL2, N3, F4",SELECT count(*) FROM Person WHERE age > (SELECT max(age) FROM person WHERE job = 'engineer')
deadbf7e-e553-40d5-9108-2f208fa6db49,1e6c76df-1de7-479e-881c-a4ee90059d2a,zhengning,2000,SELECT artist.artist_name FROM artist GROUP BY song.releasedate ORDER BY song.releasedate ASC LIMIT 1,"BL3, CE2, N3, K4, P2","SELECT T1.artist_name , T1.gender FROM artist AS T1 JOIN song AS T2 ON T1.artist_name = T2.artist_name WHERE T2.releasedate LIKE ""%Mar%"""
deadbf7e-e553-40d5-9108-2f208fa6db49,1e6c76df-1de7-479e-881c-a4ee90059d2a,zhengning,2000,SELECT artist.artist_name FROM artist GROUP BY song.releasedate ORDER BY song.releasedate ASC LIMIT 1,"BL3, CE2, N3, K4, P2","SELECT T1.artist_name , T1.gender FROM artist AS T1 JOIN song AS T2 ON T1.artist_name = T2.artist_name WHERE T2.releasedate LIKE ""%Mar%"""
deadbf7e-e553-40d5-9108-2f208fa6db49,1e6c76df-1de7-479e-881c-a4ee90059d2a,zhengning,2000,SELECT artist.artist_name FROM artist GROUP BY song.releasedate ORDER BY song.releasedate ASC LIMIT 1,"BL3, CE2, N3, K4, P2","SELECT T1.artist_name , T1.gender FROM artist AS T1 JOIN song AS T2 ON T1.artist_name = T2.artist_name WHERE T2.releasedate LIKE ""%Mar%"""
deadbf7e-e553-40d5-9108-2f208fa6db49,1e6c76df-1de7-479e-881c-a4ee90059d2a,zhengning,2000,SELECT artist.artist_name FROM artist GROUP BY song.releasedate ORDER BY song.releasedate ASC LIMIT 1,"BL3, CE2, N3, K4, P2","SELECT T1.artist_name , T1.gender FROM artist AS T1 JOIN song AS T2 ON T1.artist_name = T2.artist_name WHERE T2.releasedate LIKE ""%Mar%"""
3abdfb6d-7a28-4143-8f49-3e74b88fccc3,1e6c76df-1de7-479e-881c-a4ee90059d2a,zhengning,1961,SELECT bank.bname FROM customer JOIN bank ON customer.branch_id = bank.branch_id WHERE customer.credit_score<100,CE2,SELECT T2.bname FROM loan AS T1 JOIN bank AS T2 ON T1.branch_id = T2.branch_id JOIN customer AS T3 ON T1.cust_id = T3.cust_id WHERE T3.credit_score < 100
3abdfb6d-7a28-4143-8f49-3e74b88fccc3,1e6c76df-1de7-479e-881c-a4ee90059d2a,zhengning,1961,SELECT bank.bname FROM customer JOIN bank ON customer.branch_id = bank.branch_id WHERE customer.credit_score<100,CE2,SELECT T2.bname FROM loan AS T1 JOIN bank AS T2 ON T1.branch_id = T2.branch_id JOIN customer AS T3 ON T1.cust_id = T3.cust_id WHERE T3.credit_score < 100
3abdfb6d-7a28-4143-8f49-3e74b88fccc3,1e6c76df-1de7-479e-881c-a4ee90059d2a,zhengning,1961,SELECT bank.bname FROM customer JOIN bank ON customer.branch_id = bank.branch_id WHERE customer.credit_score<100,CE2,SELECT T2.bname FROM loan AS T1 JOIN bank AS T2 ON T1.branch_id = T2.branch_id JOIN customer AS T3 ON T1.cust_id = T3.cust_id WHERE T3.credit_score < 100
3abdfb6d-7a28-4143-8f49-3e74b88fccc3,1e6c76df-1de7-479e-881c-a4ee90059d2a,zhengning,1961,SELECT bank.bname FROM customer JOIN bank ON customer.branch_id = bank.branch_id WHERE customer.credit_score<100,CE2,SELECT T2.bname FROM loan AS T1 JOIN bank AS T2 ON T1.branch_id = T2.branch_id JOIN customer AS T3 ON T1.cust_id = T3.cust_id WHERE T3.credit_score < 100
a5c13c29-c39c-4e12-9365-59294015157b,1e6c76df-1de7-479e-881c-a4ee90059d2a,zhengning,1578,SELECT documents.document_id FROM documents JOIN ref_document_types ON documents.document_type_code = ref_document_types.document_type_code WHERE ref_budget_codes.budget_type_description = 'Government',CE3,"SELECT T1.document_id FROM Documents_with_expenses AS T1 JOIN Ref_Budget_Codes AS T2 ON T1.Budget_Type_code = T2.Budget_Type_code WHERE T2.budget_type_Description = ""Government"""
a5c13c29-c39c-4e12-9365-59294015157b,1e6c76df-1de7-479e-881c-a4ee90059d2a,zhengning,1578,SELECT documents.document_id FROM documents JOIN ref_document_types ON documents.document_type_code = ref_document_types.document_type_code WHERE ref_budget_codes.budget_type_description = 'Government',CE3,"SELECT T1.document_id FROM Documents_with_expenses AS T1 JOIN Ref_Budget_Codes AS T2 ON T1.Budget_Type_code = T2.Budget_Type_code WHERE T2.budget_type_Description = ""Government"""
a5c13c29-c39c-4e12-9365-59294015157b,1e6c76df-1de7-479e-881c-a4ee90059d2a,zhengning,1578,SELECT documents.document_id FROM documents JOIN ref_document_types ON documents.document_type_code = ref_document_types.document_type_code WHERE ref_budget_codes.budget_type_description = 'Government',CE3,"SELECT T1.document_id FROM Documents_with_expenses AS T1 JOIN Ref_Budget_Codes AS T2 ON T1.Budget_Type_code = T2.Budget_Type_code WHERE T2.budget_type_Description = ""Government"""
a5c13c29-c39c-4e12-9365-59294015157b,1e6c76df-1de7-479e-881c-a4ee90059d2a,zhengning,1578,SELECT documents.document_id FROM documents JOIN ref_document_types ON documents.document_type_code = ref_document_types.document_type_code WHERE ref_budget_codes.budget_type_description = 'Government',CE3,"SELECT T1.document_id FROM Documents_with_expenses AS T1 JOIN Ref_Budget_Codes AS T2 ON T1.Budget_Type_code = T2.Budget_Type_code WHERE T2.budget_type_Description = ""Government"""
8c0336c5-7784-46ca-a51d-a5a070a10883,1e6c76df-1de7-479e-881c-a4ee90059d2a,zhengning,1585,"SELECT station.location , SUM( station.total_passengers ) FROM station GROUP BY station.location",BL3,"SELECT LOCATION , sum(number_of_platforms) , sum(total_passengers) FROM station GROUP BY LOCATION"
8c0336c5-7784-46ca-a51d-a5a070a10883,1e6c76df-1de7-479e-881c-a4ee90059d2a,zhengning,1585,"SELECT station.location , SUM( station.total_passengers ) FROM station GROUP BY station.location",BL3,"SELECT LOCATION , sum(number_of_platforms) , sum(total_passengers) FROM station GROUP BY LOCATION"
8c0336c5-7784-46ca-a51d-a5a070a10883,1e6c76df-1de7-479e-881c-a4ee90059d2a,zhengning,1585,"SELECT station.location , SUM( station.total_passengers ) FROM station GROUP BY station.location",BL3,"SELECT LOCATION , sum(number_of_platforms) , sum(total_passengers) FROM station GROUP BY LOCATION"
8c0336c5-7784-46ca-a51d-a5a070a10883,1e6c76df-1de7-479e-881c-a4ee90059d2a,zhengning,1585,"SELECT station.location , SUM( station.total_passengers ) FROM station GROUP BY station.location",BL3,"SELECT LOCATION , sum(number_of_platforms) , sum(total_passengers) FROM station GROUP BY LOCATION"
1c5e4023-feea-4ef8-8708-858583a3387f,1e6c76df-1de7-479e-881c-a4ee90059d2a,zhengning,1671,SELECT airports.city FROM airports GROUP BY airports.city HAVING COUNT( * ) > 2,KA1b,SELECT city FROM airports GROUP BY city HAVING count(*) > 2 ORDER BY count(*)
1c5e4023-feea-4ef8-8708-858583a3387f,1e6c76df-1de7-479e-881c-a4ee90059d2a,zhengning,1671,SELECT airports.city FROM airports GROUP BY airports.city HAVING COUNT( * ) > 2,KA1b,SELECT city FROM airports GROUP BY city HAVING count(*) > 2 ORDER BY count(*)
1c5e4023-feea-4ef8-8708-858583a3387f,1e6c76df-1de7-479e-881c-a4ee90059d2a,zhengning,1671,SELECT airports.city FROM airports GROUP BY airports.city HAVING COUNT( * ) > 2,KA1b,SELECT city FROM airports GROUP BY city HAVING count(*) > 2 ORDER BY count(*)
1c5e4023-feea-4ef8-8708-858583a3387f,1e6c76df-1de7-479e-881c-a4ee90059d2a,zhengning,1671,SELECT airports.city FROM airports GROUP BY airports.city HAVING COUNT( * ) > 2,KA1b,SELECT city FROM airports GROUP BY city HAVING count(*) > 2 ORDER BY count(*)
31293d91-a82f-4aa7-a83b-65ea6e7dc1cb,1e6c76df-1de7-479e-881c-a4ee90059d2a,zhengning,1704,SELECT DISTINCT invoices.invoice_details FROM invoices WHERE invoices.invoice_date > '1989-09-03' OR invoices.invoice_date<'2007-12-25',F1,"SELECT DISTINCT invoice_details FROM invoices WHERE invoice_date < ""1989-09-03"" OR invoice_date > ""2007-12-25"""
31293d91-a82f-4aa7-a83b-65ea6e7dc1cb,1e6c76df-1de7-479e-881c-a4ee90059d2a,zhengning,1704,SELECT DISTINCT invoices.invoice_details FROM invoices WHERE invoices.invoice_date > '1989-09-03' OR invoices.invoice_date<'2007-12-25',F1,"SELECT DISTINCT invoice_details FROM invoices WHERE invoice_date < ""1989-09-03"" OR invoice_date > ""2007-12-25"""
31293d91-a82f-4aa7-a83b-65ea6e7dc1cb,1e6c76df-1de7-479e-881c-a4ee90059d2a,zhengning,1704,SELECT DISTINCT invoices.invoice_details FROM invoices WHERE invoices.invoice_date > '1989-09-03' OR invoices.invoice_date<'2007-12-25',F1,"SELECT DISTINCT invoice_details FROM invoices WHERE invoice_date < ""1989-09-03"" OR invoice_date > ""2007-12-25"""
31293d91-a82f-4aa7-a83b-65ea6e7dc1cb,1e6c76df-1de7-479e-881c-a4ee90059d2a,zhengning,1704,SELECT DISTINCT invoices.invoice_details FROM invoices WHERE invoices.invoice_date > '1989-09-03' OR invoices.invoice_date<'2007-12-25',F1,"SELECT DISTINCT invoice_details FROM invoices WHERE invoice_date < ""1989-09-03"" OR invoice_date > ""2007-12-25"""
3910669b-1761-437a-b211-71c84e62e638,1e6c76df-1de7-479e-881c-a4ee90059d2a,zhengning,2373,SELECT model_list.model FROM cars_data JOIN car_names ON cars_data.id = car_names.makeid ORDER BY cars_data.horsepower ASC LIMIT 1,CL1,SELECT T1.Model FROM CAR_NAMES AS T1 JOIN CARS_DATA AS T2 ON T1.MakeId = T2.Id ORDER BY T2.horsepower ASC LIMIT 1;
3910669b-1761-437a-b211-71c84e62e638,1e6c76df-1de7-479e-881c-a4ee90059d2a,zhengning,2373,SELECT model_list.model FROM cars_data JOIN car_names ON cars_data.id = car_names.makeid ORDER BY cars_data.horsepower ASC LIMIT 1,CL1,SELECT T1.Model FROM CAR_NAMES AS T1 JOIN CARS_DATA AS T2 ON T1.MakeId = T2.Id ORDER BY T2.horsepower ASC LIMIT 1;
3910669b-1761-437a-b211-71c84e62e638,1e6c76df-1de7-479e-881c-a4ee90059d2a,zhengning,2373,SELECT model_list.model FROM cars_data JOIN car_names ON cars_data.id = car_names.makeid ORDER BY cars_data.horsepower ASC LIMIT 1,CL1,SELECT T1.Model FROM CAR_NAMES AS T1 JOIN CARS_DATA AS T2 ON T1.MakeId = T2.Id ORDER BY T2.horsepower ASC LIMIT 1;
3910669b-1761-437a-b211-71c84e62e638,1e6c76df-1de7-479e-881c-a4ee90059d2a,zhengning,2373,SELECT model_list.model FROM cars_data JOIN car_names ON cars_data.id = car_names.makeid ORDER BY cars_data.horsepower ASC LIMIT 1,CL1,SELECT T1.Model FROM CAR_NAMES AS T1 JOIN CARS_DATA AS T2 ON T1.MakeId = T2.Id ORDER BY T2.horsepower ASC LIMIT 1;
3d2dc8cd-6966-41d3-8b42-d6687676073b,1e6c76df-1de7-479e-881c-a4ee90059d2a,zhengning,798,"SELECT MAX( player.weight ) , MIN( player.height ) FROM player",BL1,"SELECT max(weight) , min(weight) FROM Player"
3d2dc8cd-6966-41d3-8b42-d6687676073b,1e6c76df-1de7-479e-881c-a4ee90059d2a,zhengning,798,"SELECT MAX( player.weight ) , MIN( player.height ) FROM player",BL1,"SELECT max(weight) , min(weight) FROM Player"
3d2dc8cd-6966-41d3-8b42-d6687676073b,1e6c76df-1de7-479e-881c-a4ee90059d2a,zhengning,798,"SELECT MAX( player.weight ) , MIN( player.height ) FROM player",BL1,"SELECT max(weight) , min(weight) FROM Player"
3d2dc8cd-6966-41d3-8b42-d6687676073b,1e6c76df-1de7-479e-881c-a4ee90059d2a,zhengning,798,"SELECT MAX( player.weight ) , MIN( player.height ) FROM player",BL1,"SELECT max(weight) , min(weight) FROM Player"
a4dfe8bb-9b8f-42f3-a7db-853c3c034e53,1e6c76df-1de7-479e-881c-a4ee90059d2a,zhengning,1131,"SELECT player.name_first , player.name_first FROM player WHERE player.death_city = 'null'","BL2, BF4","SELECT name_first , name_last FROM player WHERE death_year = '';"
a4dfe8bb-9b8f-42f3-a7db-853c3c034e53,1e6c76df-1de7-479e-881c-a4ee90059d2a,zhengning,1131,"SELECT player.name_first , player.name_first FROM player WHERE player.death_city = 'null'","BL2, BF4","SELECT name_first , name_last FROM player WHERE death_year = '';"
a4dfe8bb-9b8f-42f3-a7db-853c3c034e53,1e6c76df-1de7-479e-881c-a4ee90059d2a,zhengning,1131,"SELECT player.name_first , player.name_first FROM player WHERE player.death_city = 'null'","BL2, BF4","SELECT name_first , name_last FROM player WHERE death_year = '';"
a4dfe8bb-9b8f-42f3-a7db-853c3c034e53,1e6c76df-1de7-479e-881c-a4ee90059d2a,zhengning,1131,"SELECT player.name_first , player.name_first FROM player WHERE player.death_city = 'null'","BL2, BF4","SELECT name_first , name_last FROM player WHERE death_year = '';"
35d0f36d-532f-4ab4-88b9-dafd976edf7d,1e6c76df-1de7-479e-881c-a4ee90059d2a,zhengning,2374,SELECT model_list.model FROM cars_data ORDER BY cars_data.horsepower ASC LIMIT 1,"CL1, CE2",SELECT T1.Model FROM CAR_NAMES AS T1 JOIN CARS_DATA AS T2 ON T1.MakeId = T2.Id ORDER BY T2.horsepower ASC LIMIT 1;
35d0f36d-532f-4ab4-88b9-dafd976edf7d,1e6c76df-1de7-479e-881c-a4ee90059d2a,zhengning,2374,SELECT model_list.model FROM cars_data ORDER BY cars_data.horsepower ASC LIMIT 1,"CL1, CE2",SELECT T1.Model FROM CAR_NAMES AS T1 JOIN CARS_DATA AS T2 ON T1.MakeId = T2.Id ORDER BY T2.horsepower ASC LIMIT 1;
35d0f36d-532f-4ab4-88b9-dafd976edf7d,1e6c76df-1de7-479e-881c-a4ee90059d2a,zhengning,2374,SELECT model_list.model FROM cars_data ORDER BY cars_data.horsepower ASC LIMIT 1,"CL1, CE2",SELECT T1.Model FROM CAR_NAMES AS T1 JOIN CARS_DATA AS T2 ON T1.MakeId = T2.Id ORDER BY T2.horsepower ASC LIMIT 1;
35d0f36d-532f-4ab4-88b9-dafd976edf7d,1e6c76df-1de7-479e-881c-a4ee90059d2a,zhengning,2374,SELECT model_list.model FROM cars_data ORDER BY cars_data.horsepower ASC LIMIT 1,"CL1, CE2",SELECT T1.Model FROM CAR_NAMES AS T1 JOIN CARS_DATA AS T2 ON T1.MakeId = T2.Id ORDER BY T2.horsepower ASC LIMIT 1;
899e0f64-91f2-4d32-9fd8-8a3a29ce427c,1e6c76df-1de7-479e-881c-a4ee90059d2a,zhengning,1151,SELECT SUM( home_game.games ) FROM home_game JOIN team ON home_game.team_id = team.team_id_br WHERE team.name = 'Boston Red Stockings' AND home_game.attendance BETWEEN 2000 and 2010,"BL1, BF4",SELECT sum(T1.attendance) FROM home_game AS T1 JOIN team AS T2 ON T1.team_id = T2.team_id_br WHERE T2.name = 'Boston Red Stockings' AND T1.year BETWEEN 2000 AND 2010;
899e0f64-91f2-4d32-9fd8-8a3a29ce427c,1e6c76df-1de7-479e-881c-a4ee90059d2a,zhengning,1151,SELECT SUM( home_game.games ) FROM home_game JOIN team ON home_game.team_id = team.team_id_br WHERE team.name = 'Boston Red Stockings' AND home_game.attendance BETWEEN 2000 and 2010,"BL1, BF4",SELECT sum(T1.attendance) FROM home_game AS T1 JOIN team AS T2 ON T1.team_id = T2.team_id_br WHERE T2.name = 'Boston Red Stockings' AND T1.year BETWEEN 2000 AND 2010;
899e0f64-91f2-4d32-9fd8-8a3a29ce427c,1e6c76df-1de7-479e-881c-a4ee90059d2a,zhengning,1151,SELECT SUM( home_game.games ) FROM home_game JOIN team ON home_game.team_id = team.team_id_br WHERE team.name = 'Boston Red Stockings' AND home_game.attendance BETWEEN 2000 and 2010,"BL1, BF4",SELECT sum(T1.attendance) FROM home_game AS T1 JOIN team AS T2 ON T1.team_id = T2.team_id_br WHERE T2.name = 'Boston Red Stockings' AND T1.year BETWEEN 2000 AND 2010;
899e0f64-91f2-4d32-9fd8-8a3a29ce427c,1e6c76df-1de7-479e-881c-a4ee90059d2a,zhengning,1151,SELECT SUM( home_game.games ) FROM home_game JOIN team ON home_game.team_id = team.team_id_br WHERE team.name = 'Boston Red Stockings' AND home_game.attendance BETWEEN 2000 and 2010,"BL1, BF4",SELECT sum(T1.attendance) FROM home_game AS T1 JOIN team AS T2 ON T1.team_id = T2.team_id_br WHERE T2.name = 'Boston Red Stockings' AND T1.year BETWEEN 2000 AND 2010;
3be07b24-a9e9-46eb-8602-c72710d82eb2,1e6c76df-1de7-479e-881c-a4ee90059d2a,zhengning,2051,"SELECT physician.name , affiliated_with.department FROM affiliated_with JOIN physician ON affiliated_with.physician = physician.employeeid WHERE affiliated_with.primaryaffiliation = 1","CL1, CE2, BE5","SELECT T1.name , T3.name FROM physician AS T1 JOIN affiliated_with AS T2 ON T1.EmployeeID = T2.physician JOIN department AS T3 ON T2.department = T3.DepartmentID WHERE T2.PrimaryAffiliation = 1"
3be07b24-a9e9-46eb-8602-c72710d82eb2,1e6c76df-1de7-479e-881c-a4ee90059d2a,zhengning,2051,"SELECT physician.name , affiliated_with.department FROM affiliated_with JOIN physician ON affiliated_with.physician = physician.employeeid WHERE affiliated_with.primaryaffiliation = 1","CL1, CE2, BE5","SELECT T1.name , T3.name FROM physician AS T1 JOIN affiliated_with AS T2 ON T1.EmployeeID = T2.physician JOIN department AS T3 ON T2.department = T3.DepartmentID WHERE T2.PrimaryAffiliation = 1"
3be07b24-a9e9-46eb-8602-c72710d82eb2,1e6c76df-1de7-479e-881c-a4ee90059d2a,zhengning,2051,"SELECT physician.name , affiliated_with.department FROM affiliated_with JOIN physician ON affiliated_with.physician = physician.employeeid WHERE affiliated_with.primaryaffiliation = 1","CL1, CE2, BE5","SELECT T1.name , T3.name FROM physician AS T1 JOIN affiliated_with AS T2 ON T1.EmployeeID = T2.physician JOIN department AS T3 ON T2.department = T3.DepartmentID WHERE T2.PrimaryAffiliation = 1"
3be07b24-a9e9-46eb-8602-c72710d82eb2,1e6c76df-1de7-479e-881c-a4ee90059d2a,zhengning,2051,"SELECT physician.name , affiliated_with.department FROM affiliated_with JOIN physician ON affiliated_with.physician = physician.employeeid WHERE affiliated_with.primaryaffiliation = 1","CL1, CE2, BE5","SELECT T1.name , T3.name FROM physician AS T1 JOIN affiliated_with AS T2 ON T1.EmployeeID = T2.physician JOIN department AS T3 ON T2.department = T3.DepartmentID WHERE T2.PrimaryAffiliation = 1"
8e5b2ddc-c6cc-4e17-9209-f3a5710dfe13,1e6c76df-1de7-479e-881c-a4ee90059d2a,zhengning,1880,"SELECT accounts.name , savings.balance FROM accounts JOIN savings ON accounts.custid = savings.custid JOIN accounts ON accounts.custid = savings.custid WHERE savings.balance<savings.balance GROUP BY accounts.name","N3, F4","SELECT T1.name , T3.balance + T2.balance FROM accounts AS T1 JOIN checking AS T2 ON T1.custid = T2.custid JOIN savings AS T3 ON T1.custid = T3.custid WHERE T3.balance < T2.balance"
8e5b2ddc-c6cc-4e17-9209-f3a5710dfe13,1e6c76df-1de7-479e-881c-a4ee90059d2a,zhengning,1880,"SELECT accounts.name , savings.balance FROM accounts JOIN savings ON accounts.custid = savings.custid JOIN accounts ON accounts.custid = savings.custid WHERE savings.balance<savings.balance GROUP BY accounts.name","N3, F4","SELECT T1.name , T3.balance + T2.balance FROM accounts AS T1 JOIN checking AS T2 ON T1.custid = T2.custid JOIN savings AS T3 ON T1.custid = T3.custid WHERE T3.balance < T2.balance"
8e5b2ddc-c6cc-4e17-9209-f3a5710dfe13,1e6c76df-1de7-479e-881c-a4ee90059d2a,zhengning,1880,"SELECT accounts.name , savings.balance FROM accounts JOIN savings ON accounts.custid = savings.custid JOIN accounts ON accounts.custid = savings.custid WHERE savings.balance<savings.balance GROUP BY accounts.name","N3, F4","SELECT T1.name , T3.balance + T2.balance FROM accounts AS T1 JOIN checking AS T2 ON T1.custid = T2.custid JOIN savings AS T3 ON T1.custid = T3.custid WHERE T3.balance < T2.balance"
8e5b2ddc-c6cc-4e17-9209-f3a5710dfe13,1e6c76df-1de7-479e-881c-a4ee90059d2a,zhengning,1880,"SELECT accounts.name , savings.balance FROM accounts JOIN savings ON accounts.custid = savings.custid JOIN accounts ON accounts.custid = savings.custid WHERE savings.balance<savings.balance GROUP BY accounts.name","N3, F4","SELECT T1.name , T3.balance + T2.balance FROM accounts AS T1 JOIN checking AS T2 ON T1.custid = T2.custid JOIN savings AS T3 ON T1.custid = T3.custid WHERE T3.balance < T2.balance"
31aa88af-c369-40d8-a89a-b26b2db336dd,1e6c76df-1de7-479e-881c-a4ee90059d2a,zhengning,2069,SELECT AVG( procedures.cost ) FROM procedures JOIN trained_in ON procedures.code = trained_in.treatment JOIN procedures ON procedures.code = trained_in.physician WHERE physician.name = 'John Wen',BE5,"SELECT avg(T3.cost) FROM physician AS T1 JOIN trained_in AS T2 ON T1.employeeid = T2.physician JOIN procedures AS T3 ON T3.code = T2.treatment WHERE T1.name = ""John Wen"""
31aa88af-c369-40d8-a89a-b26b2db336dd,1e6c76df-1de7-479e-881c-a4ee90059d2a,zhengning,2069,SELECT AVG( procedures.cost ) FROM procedures JOIN trained_in ON procedures.code = trained_in.treatment JOIN procedures ON procedures.code = trained_in.physician WHERE physician.name = 'John Wen',BE5,"SELECT avg(T3.cost) FROM physician AS T1 JOIN trained_in AS T2 ON T1.employeeid = T2.physician JOIN procedures AS T3 ON T3.code = T2.treatment WHERE T1.name = ""John Wen"""
31aa88af-c369-40d8-a89a-b26b2db336dd,1e6c76df-1de7-479e-881c-a4ee90059d2a,zhengning,2069,SELECT AVG( procedures.cost ) FROM procedures JOIN trained_in ON procedures.code = trained_in.treatment JOIN procedures ON procedures.code = trained_in.physician WHERE physician.name = 'John Wen',BE5,"SELECT avg(T3.cost) FROM physician AS T1 JOIN trained_in AS T2 ON T1.employeeid = T2.physician JOIN procedures AS T3 ON T3.code = T2.treatment WHERE T1.name = ""John Wen"""
31aa88af-c369-40d8-a89a-b26b2db336dd,1e6c76df-1de7-479e-881c-a4ee90059d2a,zhengning,2069,SELECT AVG( procedures.cost ) FROM procedures JOIN trained_in ON procedures.code = trained_in.treatment JOIN procedures ON procedures.code = trained_in.physician WHERE physician.name = 'John Wen',BE5,"SELECT avg(T3.cost) FROM physician AS T1 JOIN trained_in AS T2 ON T1.employeeid = T2.physician JOIN procedures AS T3 ON T3.code = T2.treatment WHERE T1.name = ""John Wen"""
dfa640c1-ff03-433d-bda7-6e4c9e2fafdb,1e6c76df-1de7-479e-881c-a4ee90059d2a,zhengning,2367,"SELECT stadium.name FROM concert, stadium WHERE stadium.stadium_id = (SELECT stadium.name FROM concert JOIN stadium ON concert.stadium_id = stadium.stadium_id WHERE concert.year = 2014 AND concert.year = 2014)",A1d,SELECT name FROM stadium EXCEPT SELECT T2.name FROM concert AS T1 JOIN stadium AS T2 ON T1.stadium_id = T2.stadium_id WHERE T1.year = 2014
dfa640c1-ff03-433d-bda7-6e4c9e2fafdb,1e6c76df-1de7-479e-881c-a4ee90059d2a,zhengning,2367,"SELECT stadium.name FROM concert, stadium WHERE stadium.stadium_id = (SELECT stadium.name FROM concert JOIN stadium ON concert.stadium_id = stadium.stadium_id WHERE concert.year = 2014 AND concert.year = 2014)",A1d,SELECT name FROM stadium EXCEPT SELECT T2.name FROM concert AS T1 JOIN stadium AS T2 ON T1.stadium_id = T2.stadium_id WHERE T1.year = 2014
dfa640c1-ff03-433d-bda7-6e4c9e2fafdb,1e6c76df-1de7-479e-881c-a4ee90059d2a,zhengning,2367,"SELECT stadium.name FROM concert, stadium WHERE stadium.stadium_id = (SELECT stadium.name FROM concert JOIN stadium ON concert.stadium_id = stadium.stadium_id WHERE concert.year = 2014 AND concert.year = 2014)",A1d,SELECT name FROM stadium EXCEPT SELECT T2.name FROM concert AS T1 JOIN stadium AS T2 ON T1.stadium_id = T2.stadium_id WHERE T1.year = 2014
dfa640c1-ff03-433d-bda7-6e4c9e2fafdb,1e6c76df-1de7-479e-881c-a4ee90059d2a,zhengning,2367,"SELECT stadium.name FROM concert, stadium WHERE stadium.stadium_id = (SELECT stadium.name FROM concert JOIN stadium ON concert.stadium_id = stadium.stadium_id WHERE concert.year = 2014 AND concert.year = 2014)",A1d,SELECT name FROM stadium EXCEPT SELECT T2.name FROM concert AS T1 JOIN stadium AS T2 ON T1.stadium_id = T2.stadium_id WHERE T1.year = 2014
a173f00b-8a93-463c-ad40-bdb60dbe9f68,1e6c76df-1de7-479e-881c-a4ee90059d2a,zhengning,2312,"SELECT addresses.town_city , addresses.state_province_county FROM addresses",A1e,SELECT town_city FROM addresses UNION SELECT state_province_county FROM addresses
a173f00b-8a93-463c-ad40-bdb60dbe9f68,1e6c76df-1de7-479e-881c-a4ee90059d2a,zhengning,2312,"SELECT addresses.town_city , addresses.state_province_county FROM addresses",A1e,SELECT town_city FROM addresses UNION SELECT state_province_county FROM addresses
a173f00b-8a93-463c-ad40-bdb60dbe9f68,1e6c76df-1de7-479e-881c-a4ee90059d2a,zhengning,2312,"SELECT addresses.town_city , addresses.state_province_county FROM addresses",A1e,SELECT town_city FROM addresses UNION SELECT state_province_county FROM addresses
a173f00b-8a93-463c-ad40-bdb60dbe9f68,1e6c76df-1de7-479e-881c-a4ee90059d2a,zhengning,2312,"SELECT addresses.town_city , addresses.state_province_county FROM addresses",A1e,SELECT town_city FROM addresses UNION SELECT state_province_county FROM addresses
85049389-9452-4463-b1d3-237f26301b69,1e6c76df-1de7-479e-881c-a4ee90059d2a,zhengning,361,SELECT COUNT( * ) FROM person WHERE person.gender = 'females',D1b,SELECT count(*) FROM Person WHERE gender = 'female'
85049389-9452-4463-b1d3-237f26301b69,1e6c76df-1de7-479e-881c-a4ee90059d2a,zhengning,361,SELECT COUNT( * ) FROM person WHERE person.gender = 'females',D1b,SELECT count(*) FROM Person WHERE gender = 'female'
85049389-9452-4463-b1d3-237f26301b69,1e6c76df-1de7-479e-881c-a4ee90059d2a,zhengning,361,SELECT COUNT( * ) FROM person WHERE person.gender = 'females',D1b,SELECT count(*) FROM Person WHERE gender = 'female'
85049389-9452-4463-b1d3-237f26301b69,1e6c76df-1de7-479e-881c-a4ee90059d2a,zhengning,361,SELECT COUNT( * ) FROM person WHERE person.gender = 'females',D1b,SELECT count(*) FROM Person WHERE gender = 'female'
761a0106-43a7-4144-ae2b-2381fcdffa00,1e6c76df-1de7-479e-881c-a4ee90059d2a,zhengning,2037,SELECT SUM( salary.salary ) FROM salary WHERE salary.year = 2010 AND salary.year = 2001,L4,SELECT salary FROM salary WHERE YEAR = 2010 UNION SELECT salary FROM salary WHERE YEAR = 2001
761a0106-43a7-4144-ae2b-2381fcdffa00,1e6c76df-1de7-479e-881c-a4ee90059d2a,zhengning,2037,SELECT SUM( salary.salary ) FROM salary WHERE salary.year = 2010 AND salary.year = 2001,L4,SELECT salary FROM salary WHERE YEAR = 2010 UNION SELECT salary FROM salary WHERE YEAR = 2001
761a0106-43a7-4144-ae2b-2381fcdffa00,1e6c76df-1de7-479e-881c-a4ee90059d2a,zhengning,2037,SELECT SUM( salary.salary ) FROM salary WHERE salary.year = 2010 AND salary.year = 2001,L4,SELECT salary FROM salary WHERE YEAR = 2010 UNION SELECT salary FROM salary WHERE YEAR = 2001
761a0106-43a7-4144-ae2b-2381fcdffa00,1e6c76df-1de7-479e-881c-a4ee90059d2a,zhengning,2037,SELECT SUM( salary.salary ) FROM salary WHERE salary.year = 2010 AND salary.year = 2001,L4,SELECT salary FROM salary WHERE YEAR = 2010 UNION SELECT salary FROM salary WHERE YEAR = 2001
f98ff098-ad57-4c19-9faa-ac7384dd7ccf,1e6c76df-1de7-479e-881c-a4ee90059d2a,zhengning,1841,"SELECT player.player_name , player.birthday FROM player JOIN player_attributes ON player.player_api_id = player_attributes.player_api_id ORDER BY player_attributes.potential DESC LIMIT 5",A2a,"SELECT DISTINCT T1.player_name , T1.birthday FROM Player AS T1 JOIN Player_Attributes AS T2 ON T1.player_api_id = T2.player_api_id ORDER BY potential DESC LIMIT 5"
f98ff098-ad57-4c19-9faa-ac7384dd7ccf,1e6c76df-1de7-479e-881c-a4ee90059d2a,zhengning,1841,"SELECT player.player_name , player.birthday FROM player JOIN player_attributes ON player.player_api_id = player_attributes.player_api_id ORDER BY player_attributes.potential DESC LIMIT 5",A2a,"SELECT DISTINCT T1.player_name , T1.birthday FROM Player AS T1 JOIN Player_Attributes AS T2 ON T1.player_api_id = T2.player_api_id ORDER BY potential DESC LIMIT 5"
f98ff098-ad57-4c19-9faa-ac7384dd7ccf,1e6c76df-1de7-479e-881c-a4ee90059d2a,zhengning,1841,"SELECT player.player_name , player.birthday FROM player JOIN player_attributes ON player.player_api_id = player_attributes.player_api_id ORDER BY player_attributes.potential DESC LIMIT 5",A2a,"SELECT DISTINCT T1.player_name , T1.birthday FROM Player AS T1 JOIN Player_Attributes AS T2 ON T1.player_api_id = T2.player_api_id ORDER BY potential DESC LIMIT 5"
f98ff098-ad57-4c19-9faa-ac7384dd7ccf,1e6c76df-1de7-479e-881c-a4ee90059d2a,zhengning,1841,"SELECT player.player_name , player.birthday FROM player JOIN player_attributes ON player.player_api_id = player_attributes.player_api_id ORDER BY player_attributes.potential DESC LIMIT 5",A2a,"SELECT DISTINCT T1.player_name , T1.birthday FROM Player AS T1 JOIN Player_Attributes AS T2 ON T1.player_api_id = T2.player_api_id ORDER BY potential DESC LIMIT 5"
88ce2221-69dd-489c-bc82-295fdf9cb06a,1e6c76df-1de7-479e-881c-a4ee90059d2a,zhengning,2078,SELECT procedures.name FROM trained_in JOIN physician ON trained_in.physician = physician.employeeid WHERE procedures.cost<5000 AND physician.name = 'John Wen' AND procedures.cost<5000,CE2,"SELECT name FROM procedures WHERE cost < 5000 INTERSECT SELECT T3.name FROM physician AS T1 JOIN trained_in AS T2 ON T1.employeeid = T2.physician JOIN procedures AS T3 ON T3.code = T2.treatment WHERE T1.name = ""John Wen"""
88ce2221-69dd-489c-bc82-295fdf9cb06a,1e6c76df-1de7-479e-881c-a4ee90059d2a,zhengning,2078,SELECT procedures.name FROM trained_in JOIN physician ON trained_in.physician = physician.employeeid WHERE procedures.cost<5000 AND physician.name = 'John Wen' AND procedures.cost<5000,CE2,"SELECT name FROM procedures WHERE cost < 5000 INTERSECT SELECT T3.name FROM physician AS T1 JOIN trained_in AS T2 ON T1.employeeid = T2.physician JOIN procedures AS T3 ON T3.code = T2.treatment WHERE T1.name = ""John Wen"""
88ce2221-69dd-489c-bc82-295fdf9cb06a,1e6c76df-1de7-479e-881c-a4ee90059d2a,zhengning,2078,SELECT procedures.name FROM trained_in JOIN physician ON trained_in.physician = physician.employeeid WHERE procedures.cost<5000 AND physician.name = 'John Wen' AND procedures.cost<5000,CE2,"SELECT name FROM procedures WHERE cost < 5000 INTERSECT SELECT T3.name FROM physician AS T1 JOIN trained_in AS T2 ON T1.employeeid = T2.physician JOIN procedures AS T3 ON T3.code = T2.treatment WHERE T1.name = ""John Wen"""
88ce2221-69dd-489c-bc82-295fdf9cb06a,1e6c76df-1de7-479e-881c-a4ee90059d2a,zhengning,2078,SELECT procedures.name FROM trained_in JOIN physician ON trained_in.physician = physician.employeeid WHERE procedures.cost<5000 AND physician.name = 'John Wen' AND procedures.cost<5000,CE2,"SELECT name FROM procedures WHERE cost < 5000 INTERSECT SELECT T3.name FROM physician AS T1 JOIN trained_in AS T2 ON T1.employeeid = T2.physician JOIN procedures AS T3 ON T3.code = T2.treatment WHERE T1.name = ""John Wen"""
02358d0b-e27d-4c80-9c10-1ba0fb44c194,1e6c76df-1de7-479e-881c-a4ee90059d2a,zhengning,2151,"SELECT project_staff.project_id , COUNT( * ) FROM project_staff GROUP BY project_staff.project_id","CE2, KA1b","SELECT T1.project_id , count(*) FROM Project_Staff AS T1 JOIN Projects AS T2 ON T1.project_id = T2.project_id GROUP BY T1.project_id ORDER BY count(*) ASC"
02358d0b-e27d-4c80-9c10-1ba0fb44c194,1e6c76df-1de7-479e-881c-a4ee90059d2a,zhengning,2151,"SELECT project_staff.project_id , COUNT( * ) FROM project_staff GROUP BY project_staff.project_id","CE2, KA1b","SELECT T1.project_id , count(*) FROM Project_Staff AS T1 JOIN Projects AS T2 ON T1.project_id = T2.project_id GROUP BY T1.project_id ORDER BY count(*) ASC"
02358d0b-e27d-4c80-9c10-1ba0fb44c194,1e6c76df-1de7-479e-881c-a4ee90059d2a,zhengning,2151,"SELECT project_staff.project_id , COUNT( * ) FROM project_staff GROUP BY project_staff.project_id","CE2, KA1b","SELECT T1.project_id , count(*) FROM Project_Staff AS T1 JOIN Projects AS T2 ON T1.project_id = T2.project_id GROUP BY T1.project_id ORDER BY count(*) ASC"
02358d0b-e27d-4c80-9c10-1ba0fb44c194,1e6c76df-1de7-479e-881c-a4ee90059d2a,zhengning,2151,"SELECT project_staff.project_id , COUNT( * ) FROM project_staff GROUP BY project_staff.project_id","CE2, KA1b","SELECT T1.project_id , count(*) FROM Project_Staff AS T1 JOIN Projects AS T2 ON T1.project_id = T2.project_id GROUP BY T1.project_id ORDER BY count(*) ASC"
ef1696ad-68ca-4e42-970b-062f5fc1755f,1e6c76df-1de7-479e-881c-a4ee90059d2a,zhengning,2025,SELECT song.artist_name FROM song WHERE song.languages = 'English' EXCEPT SELECT artist.artist_name FROM artist JOIN song ON artist.artist_name = song.artist_name WHERE song.languages = 'English' AND song.rating > 8,"A1b, D1a","SELECT DISTINCT artist_name FROM song WHERE languages = ""english"" EXCEPT SELECT DISTINCT artist_name FROM song WHERE rating > 8"
ef1696ad-68ca-4e42-970b-062f5fc1755f,1e6c76df-1de7-479e-881c-a4ee90059d2a,zhengning,2025,SELECT song.artist_name FROM song WHERE song.languages = 'English' EXCEPT SELECT artist.artist_name FROM artist JOIN song ON artist.artist_name = song.artist_name WHERE song.languages = 'English' AND song.rating > 8,"A1b, D1a","SELECT DISTINCT artist_name FROM song WHERE languages = ""english"" EXCEPT SELECT DISTINCT artist_name FROM song WHERE rating > 8"
ef1696ad-68ca-4e42-970b-062f5fc1755f,1e6c76df-1de7-479e-881c-a4ee90059d2a,zhengning,2025,SELECT song.artist_name FROM song WHERE song.languages = 'English' EXCEPT SELECT artist.artist_name FROM artist JOIN song ON artist.artist_name = song.artist_name WHERE song.languages = 'English' AND song.rating > 8,"A1b, D1a","SELECT DISTINCT artist_name FROM song WHERE languages = ""english"" EXCEPT SELECT DISTINCT artist_name FROM song WHERE rating > 8"
ef1696ad-68ca-4e42-970b-062f5fc1755f,1e6c76df-1de7-479e-881c-a4ee90059d2a,zhengning,2025,SELECT song.artist_name FROM song WHERE song.languages = 'English' EXCEPT SELECT artist.artist_name FROM artist JOIN song ON artist.artist_name = song.artist_name WHERE song.languages = 'English' AND song.rating > 8,"A1b, D1a","SELECT DISTINCT artist_name FROM song WHERE languages = ""english"" EXCEPT SELECT DISTINCT artist_name FROM song WHERE rating > 8"
7f82e06f-93ad-4cf1-afe0-32668bda4dc7,1e6c76df-1de7-479e-881c-a4ee90059d2a,zhengning,2070,SELECT AVG( procedures.cost ) FROM procedures JOIN trained_in ON procedures.code = trained_in.physician JOIN procedures ON procedures.code = trained_in.physician WHERE physician.name = 'John Wen',BE5,"SELECT avg(T3.cost) FROM physician AS T1 JOIN trained_in AS T2 ON T1.employeeid = T2.physician JOIN procedures AS T3 ON T3.code = T2.treatment WHERE T1.name = ""John Wen"""
ad43c99a-811a-41f5-9f69-fe1a1882b781,1e6c76df-1de7-479e-881c-a4ee90059d2a,zhengning,2070,SELECT AVG( procedures.cost ) FROM procedures JOIN trained_in ON procedures.code = trained_in.physician JOIN procedures ON procedures.code = trained_in.physician WHERE physician.name = 'John Wen',BE5,"SELECT avg(T3.cost) FROM physician AS T1 JOIN trained_in AS T2 ON T1.employeeid = T2.physician JOIN procedures AS T3 ON T3.code = T2.treatment WHERE T1.name = ""John Wen"""
ad43c99a-811a-41f5-9f69-fe1a1882b781,1e6c76df-1de7-479e-881c-a4ee90059d2a,zhengning,2070,SELECT AVG( procedures.cost ) FROM procedures JOIN trained_in ON procedures.code = trained_in.physician JOIN procedures ON procedures.code = trained_in.physician WHERE physician.name = 'John Wen',BE5,"SELECT avg(T3.cost) FROM physician AS T1 JOIN trained_in AS T2 ON T1.employeeid = T2.physician JOIN procedures AS T3 ON T3.code = T2.treatment WHERE T1.name = ""John Wen"""
7f82e06f-93ad-4cf1-afe0-32668bda4dc7,1e6c76df-1de7-479e-881c-a4ee90059d2a,zhengning,2070,SELECT AVG( procedures.cost ) FROM procedures JOIN trained_in ON procedures.code = trained_in.physician JOIN procedures ON procedures.code = trained_in.physician WHERE physician.name = 'John Wen',BE5,"SELECT avg(T3.cost) FROM physician AS T1 JOIN trained_in AS T2 ON T1.employeeid = T2.physician JOIN procedures AS T3 ON T3.code = T2.treatment WHERE T1.name = ""John Wen"""
ad43c99a-811a-41f5-9f69-fe1a1882b781,1e6c76df-1de7-479e-881c-a4ee90059d2a,zhengning,2070,SELECT AVG( procedures.cost ) FROM procedures JOIN trained_in ON procedures.code = trained_in.physician JOIN procedures ON procedures.code = trained_in.physician WHERE physician.name = 'John Wen',BE5,"SELECT avg(T3.cost) FROM physician AS T1 JOIN trained_in AS T2 ON T1.employeeid = T2.physician JOIN procedures AS T3 ON T3.code = T2.treatment WHERE T1.name = ""John Wen"""
601764c7-c022-4317-9016-306599b610b3,1e6c76df-1de7-479e-881c-a4ee90059d2a,zhengning,1804,"SELECT tv_channel.package_option , tv_channel.series_name FROM tv_channel WHERE tv_channel.hight_definition_tv = 'y'",D1c,"SELECT package_option , series_name FROM TV_Channel WHERE hight_definition_TV = ""yes"""
601764c7-c022-4317-9016-306599b610b3,1e6c76df-1de7-479e-881c-a4ee90059d2a,zhengning,1804,"SELECT tv_channel.package_option , tv_channel.series_name FROM tv_channel WHERE tv_channel.hight_definition_tv = 'y'",D1c,"SELECT package_option , series_name FROM TV_Channel WHERE hight_definition_TV = ""yes"""
601764c7-c022-4317-9016-306599b610b3,1e6c76df-1de7-479e-881c-a4ee90059d2a,zhengning,1804,"SELECT tv_channel.package_option , tv_channel.series_name FROM tv_channel WHERE tv_channel.hight_definition_tv = 'y'",D1c,"SELECT package_option , series_name FROM TV_Channel WHERE hight_definition_TV = ""yes"""
601764c7-c022-4317-9016-306599b610b3,1e6c76df-1de7-479e-881c-a4ee90059d2a,zhengning,1804,"SELECT tv_channel.package_option , tv_channel.series_name FROM tv_channel WHERE tv_channel.hight_definition_tv = 'y'",D1c,"SELECT package_option , series_name FROM TV_Channel WHERE hight_definition_TV = ""yes"""
4760a062-8605-451d-97e7-92a21794b748,fa62e51d-de6a-4969-a733-f972747cc6a7,zhengning,1747,"SELECT countries.countryname , car_makers.id FROM countries JOIN car_makers ON countries.countryid = car_makers.country GROUP BY countries.countryid HAVING COUNT( * ) >= 1",BL1,"SELECT T1.CountryName , T1.CountryId FROM COUNTRIES AS T1 JOIN CAR_MAKERS AS T2 ON T1.CountryId = T2.Country GROUP BY T1.CountryId HAVING count(*) >= 1;"
4760a062-8605-451d-97e7-92a21794b748,fa62e51d-de6a-4969-a733-f972747cc6a7,zhengning,1747,"SELECT countries.countryname , car_makers.id FROM countries JOIN car_makers ON countries.countryid = car_makers.country GROUP BY countries.countryid HAVING COUNT( * ) >= 1",BL1,"SELECT T1.CountryName , T1.CountryId FROM COUNTRIES AS T1 JOIN CAR_MAKERS AS T2 ON T1.CountryId = T2.Country GROUP BY T1.CountryId HAVING count(*) >= 1;"
4760a062-8605-451d-97e7-92a21794b748,fa62e51d-de6a-4969-a733-f972747cc6a7,zhengning,1747,"SELECT countries.countryname , car_makers.id FROM countries JOIN car_makers ON countries.countryid = car_makers.country GROUP BY countries.countryid HAVING COUNT( * ) >= 1",BL1,"SELECT T1.CountryName , T1.CountryId FROM COUNTRIES AS T1 JOIN CAR_MAKERS AS T2 ON T1.CountryId = T2.Country GROUP BY T1.CountryId HAVING count(*) >= 1;"
4760a062-8605-451d-97e7-92a21794b748,fa62e51d-de6a-4969-a733-f972747cc6a7,zhengning,1747,"SELECT countries.countryname , car_makers.id FROM countries JOIN car_makers ON countries.countryid = car_makers.country GROUP BY countries.countryid HAVING COUNT( * ) >= 1",BL1,"SELECT T1.CountryName , T1.CountryId FROM COUNTRIES AS T1 JOIN CAR_MAKERS AS T2 ON T1.CountryId = T2.Country GROUP BY T1.CountryId HAVING count(*) >= 1;"
dbd38c2c-d31d-4766-bced-1c789eaae8bd,fa62e51d-de6a-4969-a733-f972747cc6a7,zhengning,1673,"SELECT routes.src_ap , airports.name , COUNT( * ) FROM routes JOIN airports ON routes.src_apid = airports.apid GROUP BY airports.name",BL2,"SELECT count(*) , T1.name FROM airports AS T1 JOIN routes AS T2 ON T1.apid = T2.src_apid GROUP BY T1.name"
dbd38c2c-d31d-4766-bced-1c789eaae8bd,fa62e51d-de6a-4969-a733-f972747cc6a7,zhengning,1673,"SELECT routes.src_ap , airports.name , COUNT( * ) FROM routes JOIN airports ON routes.src_apid = airports.apid GROUP BY airports.name",BL2,"SELECT count(*) , T1.name FROM airports AS T1 JOIN routes AS T2 ON T1.apid = T2.src_apid GROUP BY T1.name"
dbd38c2c-d31d-4766-bced-1c789eaae8bd,fa62e51d-de6a-4969-a733-f972747cc6a7,zhengning,1673,"SELECT routes.src_ap , airports.name , COUNT( * ) FROM routes JOIN airports ON routes.src_apid = airports.apid GROUP BY airports.name",BL2,"SELECT count(*) , T1.name FROM airports AS T1 JOIN routes AS T2 ON T1.apid = T2.src_apid GROUP BY T1.name"
dbd38c2c-d31d-4766-bced-1c789eaae8bd,fa62e51d-de6a-4969-a733-f972747cc6a7,zhengning,1673,"SELECT routes.src_ap , airports.name , COUNT( * ) FROM routes JOIN airports ON routes.src_apid = airports.apid GROUP BY airports.name",BL2,"SELECT count(*) , T1.name FROM airports AS T1 JOIN routes AS T2 ON T1.apid = T2.src_apid GROUP BY T1.name"
c9b46ce9-4ffe-4f08-b24b-48ee431439f4,fa62e51d-de6a-4969-a733-f972747cc6a7,zhengning,2310,SELECT services.service_name FROM services WHERE services.service_id NOT IN (SELECT forms.service_id FROM forms),CE3,SELECT service_name FROM services EXCEPT SELECT t1.service_name FROM services AS t1 JOIN party_services AS t2 ON t1.service_id = t2.service_id
c9b46ce9-4ffe-4f08-b24b-48ee431439f4,fa62e51d-de6a-4969-a733-f972747cc6a7,zhengning,2310,SELECT services.service_name FROM services WHERE services.service_id NOT IN (SELECT forms.service_id FROM forms),CE3,SELECT service_name FROM services EXCEPT SELECT t1.service_name FROM services AS t1 JOIN party_services AS t2 ON t1.service_id = t2.service_id
c9b46ce9-4ffe-4f08-b24b-48ee431439f4,fa62e51d-de6a-4969-a733-f972747cc6a7,zhengning,2310,SELECT services.service_name FROM services WHERE services.service_id NOT IN (SELECT forms.service_id FROM forms),CE3,SELECT service_name FROM services EXCEPT SELECT t1.service_name FROM services AS t1 JOIN party_services AS t2 ON t1.service_id = t2.service_id
c9b46ce9-4ffe-4f08-b24b-48ee431439f4,fa62e51d-de6a-4969-a733-f972747cc6a7,zhengning,2310,SELECT services.service_name FROM services WHERE services.service_id NOT IN (SELECT forms.service_id FROM forms),CE3,SELECT service_name FROM services EXCEPT SELECT t1.service_name FROM services AS t1 JOIN party_services AS t2 ON t1.service_id = t2.service_id
3c0ce680-4ef4-4abc-b238-bcc42a0f2aab,fa62e51d-de6a-4969-a733-f972747cc6a7,zhengning,2061,"SELECT physician.name , physician.position FROM physician JOIN prescribes ON physician.employeeid = prescribes.physician WHERE medication.brand = 'X'","A1b, CE2","SELECT DISTINCT T1.name , T1.position FROM physician AS T1 JOIN prescribes AS T2 ON T1.employeeid = T2.physician JOIN medication AS T3 ON T3.code = T2.medication WHERE T3.Brand = ""X"""
3c0ce680-4ef4-4abc-b238-bcc42a0f2aab,fa62e51d-de6a-4969-a733-f972747cc6a7,zhengning,2061,"SELECT physician.name , physician.position FROM physician JOIN prescribes ON physician.employeeid = prescribes.physician WHERE medication.brand = 'X'","A1b, CE2","SELECT DISTINCT T1.name , T1.position FROM physician AS T1 JOIN prescribes AS T2 ON T1.employeeid = T2.physician JOIN medication AS T3 ON T3.code = T2.medication WHERE T3.Brand = ""X"""
3c0ce680-4ef4-4abc-b238-bcc42a0f2aab,fa62e51d-de6a-4969-a733-f972747cc6a7,zhengning,2061,"SELECT physician.name , physician.position FROM physician JOIN prescribes ON physician.employeeid = prescribes.physician WHERE medication.brand = 'X'","A1b, CE2","SELECT DISTINCT T1.name , T1.position FROM physician AS T1 JOIN prescribes AS T2 ON T1.employeeid = T2.physician JOIN medication AS T3 ON T3.code = T2.medication WHERE T3.Brand = ""X"""
3c0ce680-4ef4-4abc-b238-bcc42a0f2aab,fa62e51d-de6a-4969-a733-f972747cc6a7,zhengning,2061,"SELECT physician.name , physician.position FROM physician JOIN prescribes ON physician.employeeid = prescribes.physician WHERE medication.brand = 'X'","A1b, CE2","SELECT DISTINCT T1.name , T1.position FROM physician AS T1 JOIN prescribes AS T2 ON T1.employeeid = T2.physician JOIN medication AS T3 ON T3.code = T2.medication WHERE T3.Brand = ""X"""
25496abe-edd4-4009-acb9-376ba465221a,fa62e51d-de6a-4969-a733-f972747cc6a7,zhengning,478,SELECT dorm.dorm_name FROM dorm WHERE dorm.gender = 'f',D1a,SELECT dorm_name FROM dorm WHERE gender = 'F'
25496abe-edd4-4009-acb9-376ba465221a,fa62e51d-de6a-4969-a733-f972747cc6a7,zhengning,478,SELECT dorm.dorm_name FROM dorm WHERE dorm.gender = 'f',D1a,SELECT dorm_name FROM dorm WHERE gender = 'F'
25496abe-edd4-4009-acb9-376ba465221a,fa62e51d-de6a-4969-a733-f972747cc6a7,zhengning,478,SELECT dorm.dorm_name FROM dorm WHERE dorm.gender = 'f',D1a,SELECT dorm_name FROM dorm WHERE gender = 'F'
25496abe-edd4-4009-acb9-376ba465221a,fa62e51d-de6a-4969-a733-f972747cc6a7,zhengning,478,SELECT dorm.dorm_name FROM dorm WHERE dorm.gender = 'f',D1a,SELECT dorm_name FROM dorm WHERE gender = 'F'
eceba728-00a4-4aca-915d-1263ad754d65,c25300c4-766d-4687-b168-98e882bea8b6,zhengning,1189,"SELECT COUNT( * ) , block.blockcode FROM block JOIN room ON block.blockfloor = room.blockfloor JOIN block ON block.blockcode = room.blockcode GROUP BY block.blockcode",BE5,"SELECT count(*) , T1.blockcode FROM BLOCK AS T1 JOIN room AS T2 ON T1.blockfloor = T2.blockfloor AND T1.blockcode = T2.blockcode GROUP BY T1.blockcode"
eceba728-00a4-4aca-915d-1263ad754d65,c25300c4-766d-4687-b168-98e882bea8b6,zhengning,1189,"SELECT COUNT( * ) , block.blockcode FROM block JOIN room ON block.blockfloor = room.blockfloor JOIN block ON block.blockcode = room.blockcode GROUP BY block.blockcode",BE5,"SELECT count(*) , T1.blockcode FROM BLOCK AS T1 JOIN room AS T2 ON T1.blockfloor = T2.blockfloor AND T1.blockcode = T2.blockcode GROUP BY T1.blockcode"
eceba728-00a4-4aca-915d-1263ad754d65,c25300c4-766d-4687-b168-98e882bea8b6,zhengning,1189,"SELECT COUNT( * ) , block.blockcode FROM block JOIN room ON block.blockfloor = room.blockfloor JOIN block ON block.blockcode = room.blockcode GROUP BY block.blockcode",BE5,"SELECT count(*) , T1.blockcode FROM BLOCK AS T1 JOIN room AS T2 ON T1.blockfloor = T2.blockfloor AND T1.blockcode = T2.blockcode GROUP BY T1.blockcode"
eceba728-00a4-4aca-915d-1263ad754d65,c25300c4-766d-4687-b168-98e882bea8b6,zhengning,1189,"SELECT COUNT( * ) , block.blockcode FROM block JOIN room ON block.blockfloor = room.blockfloor JOIN block ON block.blockcode = room.blockcode GROUP BY block.blockcode",BE5,"SELECT count(*) , T1.blockcode FROM BLOCK AS T1 JOIN room AS T2 ON T1.blockfloor = T2.blockfloor AND T1.blockcode = T2.blockcode GROUP BY T1.blockcode"