,record_id,session_id,username,sql_id,sql,nl_query,incorrect_parts,open_ended_feedback,error_classification,duration,cur_id,batch_id,GT_sql
0,9460d94e-31aa-417e-9d4a-fbb001402c1b,ec37de51-6d33-4eef-a815-24181fc1ba26,tianyi,2028,SELECT DISTINCT artist.artist_name FROM artist JOIN song ON artist.artist_name = song.artist_name WHERE artist.country = 'Bangladesh' AND song.rating > 7,What are the names of the different artists from Bangladesh who never received a rating higher than a 7?,WHERE artist.country = 'Bangladesh' AND song.rating > 7,,"A1d, F1",1286.44599986076,1,2,"SELECT DISTINCT artist_name FROM artist WHERE country  =  ""Bangladesh"" EXCEPT SELECT DISTINCT artist_name FROM song WHERE rating  >  7"
1,ed0f7dc7-2e60-49f7-89c8-6ae56d635beb,ec37de51-6d33-4eef-a815-24181fc1ba26,tianyi,1127,"SELECT hall_of_fame.ballots , COUNT( * ) FROM hall_of_fame GROUP BY hall_of_fame.ballots",Count the number of players who enter hall of fame for each year.,"hall_of_fame.ballots , COUNT( * ), hall_of_fame.ballots",,"BN1, BL1",123.712000131607,2,2,"SELECT yearid ,  count(*) FROM hall_of_fame GROUP BY yearid;"
2,14205e0c-cbad-438c-a489-683c2ffea94c,ec37de51-6d33-4eef-a815-24181fc1ba26,tianyi,1324,SELECT faculty.room FROM faculty WHERE faculty.rank = 'professor' AND faculty.building = 'NEB',Find the rooms of faculties with rank professor who live in building NEB.,WHERE faculty.rank = 'professor' AND faculty.building = 'NEB',,D1a,101.458000183105,3,2,"SELECT Room FROM FACULTY WHERE Rank  =  ""Professor"" AND Building  =  ""NEB"""
3,f37d08ae-7061-4ff7-bafd-d404cfba1d57,ec37de51-6d33-4eef-a815-24181fc1ba26,tianyi,1874,"SELECT checking.balance , savings.balance FROM accounts JOIN checking ON accounts.custid = checking.custid WHERE accounts.name = 'Brown’s'",Find the checking balance and saving balance in the Brown’s account.,WHERE accounts.name = 'Brown’s',,"D1, D1c, CE2",208.319000005722,4,2,"SELECT T2.balance ,  T3.balance FROM accounts AS T1 JOIN checking AS T2 ON T1.custid  =  T2.custid JOIN savings AS T3 ON T1.custid  =  T3.custid WHERE T1.name  =  'Brown'"
4,6d135c8d-5223-42f4-b353-c7ce860ccd03,ec37de51-6d33-4eef-a815-24181fc1ba26,tianyi,760,"SELECT medicine.name , medicine.trade_name FROM medicine WHERE medicine.fda_approved = 'yes'",What are the names and trade names of the medicines which has 'Yes' value in the FDA record?,WHERE medicine.fda_approved = 'yes',,D1a,64.1159999370575,5,2,"SELECT name ,  trade_name FROM medicine WHERE FDA_approved  =  'Yes'"
5,cc404903-61ed-48b7-8e93-d67e50f6ec25,ec37de51-6d33-4eef-a815-24181fc1ba26,tianyi,1267,SELECT project_staff.role_code FROM project_staff WHERE project_staff.staff_id = 1 AND project_staff.date_from = 1 AND project_staff.date_to = 1 AND project_staff.date_from = 1 AND project_staff.date_to = 1,What are the staff roles of the staff who,,"Incomplete NL! If based on the GTQ, the HQ has an incorrect condition.",F3,341.634999990463,6,2,SELECT role_code FROM Project_Staff WHERE date_from  >  '2003-04-19 15:06:20' AND date_to  <  '2016-03-15 00:33:18'
6,3f33adb5-8698-40ea-ad66-a839f1f895bc,ec37de51-6d33-4eef-a815-24181fc1ba26,tianyi,1160,"SELECT mountain.id , mountain.name FROM mountain JOIN photos ON mountain.id = photos.mountain_id WHERE mountain.height > 'mountains'",What are the id and name of the photos for mountains?,,"In complete NLQ. If based on GTQ, the HQ has an incorrect condition. ",F3,38.1849999427795,7,2,"SELECT T1.id ,  T1.name FROM mountain AS T1 JOIN photos AS T2 ON T1.id  =  T2.mountain_id WHERE T1.height  >  4000"
7,68f7606e-63a1-4609-98c0-2f43268395ef,90c68876-98fd-423d-96bd-b590dcc5725e,tianyi,1160,"SELECT mountain.id , mountain.name FROM mountain JOIN photos ON mountain.id = photos.mountain_id WHERE mountain.height > 'mountains'",What are the id and name of the photos for mountains?,WHERE mountain.height > 'mountains',Incorrect condition.,"G1, F3",185.90099978447,7,2,"SELECT T1.id ,  T1.name FROM mountain AS T1 JOIN photos AS T2 ON T1.id  =  T2.mountain_id WHERE T1.height  >  4000"
8,68e9869d-0552-42ee-bfcb-cc220e1b762c,90c68876-98fd-423d-96bd-b590dcc5725e,tianyi,1816,"SELECT album.title , album.albumid FROM album JOIN track ON album.albumid = track.albumid WHERE track.unitprice > 1",What are the titles and ids for albums containing tracks with unit price greater than 1?,,Miss GROUP BY.,,199.359999895096,8,2,"SELECT T1.Title ,  T2.AlbumID FROM ALBUM AS T1 JOIN TRACK AS T2 ON T1.AlbumId  =  T2.AlbumId WHERE T2.UnitPrice  >  1 GROUP BY T2.AlbumID"
9,ccf1c895-fc05-4b3f-b5fb-a3c43db21641,90c68876-98fd-423d-96bd-b590dcc5725e,tianyi,1501,SELECT student.lname FROM sportsinfo JOIN student ON sportsinfo.stuid = student.stuid WHERE sportsinfo.onscholarship = 'y',Show last names for all student who are on scholarship.,WHERE sportsinfo.onscholarship = 'y',,D1a,53.311999797821,9,2,SELECT T2.Lname FROM Sportsinfo AS T1 JOIN Student AS T2 ON T1.StuID  =  T2.StuID WHERE T1.onscholarship  =  'Y'
10,6c39fe2a-a004-4eca-8f6b-3b3895121d7f,90c68876-98fd-423d-96bd-b590dcc5725e,tianyi,604,SELECT COUNT( * ) FROM lessons WHERE lessons.lesson_status_code = 'cancelled',How many lessons have been cancelled?,WHERE lessons.lesson_status_code = 'cancelled',,D1a,28.1470000743866,10,2,"SELECT count(*) FROM Lessons WHERE lesson_status_code = ""Cancelled"";"
11,0d728a92-125a-4761-820f-9fe39bbcb3b6,90c68876-98fd-423d-96bd-b590dcc5725e,tianyi,1612,SELECT addresses.state_province_county FROM addresses JOIN staff ON addresses.address_id = staff.staff_address_id GROUP BY addresses.state_province_county HAVING COUNT( * ) >= 2,What are the names of the states that have 2 to 4 employees living there?,COUNT( * ) >= 2,,DF2,129.773000001907,11,2,SELECT T1.state_province_county FROM Addresses AS T1 JOIN Staff AS T2 ON T1.address_id = T2.staff_address_id GROUP BY T1.state_province_county HAVING count(*) BETWEEN 2 AND 4;
12,c7dd867c-92b0-415b-968a-9683feef69e8,c69e6490-5e27-4ab0-bac6-a4b481381b8a,tianyi,1623,SELECT COUNT( * ) FROM customers JOIN lessons ON customers.customer_id = lessons.customer_id WHERE customers.first_name = 'Rylan' AND customers.last_name = 'Goodwin',How many lessons taken by customer with first name as Rylan and last name as Goodwin were completed?,"WHERE customers.first_name = 'Rylan' AND customers.last_name = 'Goodwin', COUNT( * ), customers, lessons",,"BL1, CM6, F4",82.6300001144409,12,2,"SELECT count(*) FROM Lessons AS T1 JOIN Customers AS T2 ON T1.customer_id  = T2.customer_id WHERE T2.first_name = ""Rylan"" AND T2.last_name = ""Goodwin"" AND T1.lesson_status_code = ""Completed"";"
13,ada2c3dc-a3d4-4bf8-af92-ed88b195ec24,c69e6490-5e27-4ab0-bac6-a4b481381b8a,tianyi,1745,"SELECT car_makers.maker , model_list.model FROM car_makers JOIN model_list ON car_makers.id = model_list.maker",What are all the makers and models?,"car_makers, JOIN, model_list, ON, car_makers.id = model_list.maker, car_makers.maker , model_list.model",,"CM6, CL1, E1",132.057999849319,13,2,"SELECT Maker ,  Model FROM MODEL_LIST;"
14,54e26c2b-6967-4fd9-9a4c-6d1c3b044fe1,c69e6490-5e27-4ab0-bac6-a4b481381b8a,tianyi,2013,"SELECT COUNT( * ) , artist.artist_name FROM artist JOIN song ON artist.artist_name = song.artist_name WHERE song.languages = 'English' GROUP BY artist.artist_name",Find the names and number of works of all artists who have at least one English songs.,WHERE song.languages = 'English' ,,"D1a, F4",123.3109998703,14,2,"SELECT T1.artist_name ,  count(*) FROM artist AS T1 JOIN song AS T2 ON T1.artist_name  =  T2.artist_name WHERE T2.languages  =  ""english"" GROUP BY T2.artist_name HAVING count(*)  >=  1"
15,203352e6-c906-4afb-889b-78cbb67b1a5a,c69e6490-5e27-4ab0-bac6-a4b481381b8a,tianyi,2002,SELECT song.f_id FROM files WHERE files.formats = 'mp4' OR song.resolution > 720,What are the ids of all songs that are available on mp4 or have a higher resolution than 720?,"WHERE files.formats = 'mp4' OR song.resolution > 720, song.f_id",,"CL1, F2, BL3",170.605999946594,15,2,"SELECT f_id FROM files WHERE formats  =  ""mp4"" UNION SELECT f_id FROM song WHERE resolution  >  720"
16,195bf023-0e7b-4281-b047-30720985f6d7,c69e6490-5e27-4ab0-bac6-a4b481381b8a,tianyi,2016,"SELECT DISTINCT artist.artist_name , artist.country FROM artist JOIN song ON artist.artist_name = song.artist_name WHERE song.resolution > 900",What is the name and country of origin for each artist who has released a song with a resolution higher than 900?,DISTINCT,Miss GROUP BY; Redudant DISTINCT.,F4,276.646000146866,16,2,"SELECT T1.artist_name ,  T1.country FROM artist AS T1 JOIN song AS T2 ON T1.artist_name  =  T2.artist_name WHERE T2.resolution  >  900 GROUP BY T2.artist_name HAVING count(*)  >=  1"
17,38ba24e3-e4f8-4076-bd69-d49a27d069ec,c69e6490-5e27-4ab0-bac6-a4b481381b8a,tianyi,2339,SELECT lessons.lesson_id FROM lessons JOIN staff ON lessons.staff_id = staff.staff_id WHERE staff.nickname LIKE '%s%',What are the the lesson ids of all staff taught by Janessa Sawayn whose nickname has the letter s?,,,F4,57.4579999446869,17,2,"SELECT T1.lesson_id FROM Lessons AS T1 JOIN Staff AS T2 ON T1.staff_id = T2.staff_id WHERE T2.first_name = ""Janessa"" AND T2.last_name = ""Sawayn"" AND nickname LIKE ""%s%"";"
18,3d5a6578-b234-414f-a0df-fb3d38fc68e4,c69e6490-5e27-4ab0-bac6-a4b481381b8a,tianyi,733,SELECT AVG( track.unitprice ) FROM genre JOIN track ON genre.genreid = track.genreid WHERE genre.name = 'jazz',Find the average unit price of jazz tracks.,WHERE genre.name = 'jazz',,D1a,57.0339999198914,18,2,"SELECT AVG(UnitPrice) FROM GENRE AS T1 JOIN TRACK AS T2 ON T1.GenreId  =  T2.GenreId WHERE T1.Name  =  ""Jazz"""
19,ea072e15-d282-45b9-9795-4f8e894d4a6e,c69e6490-5e27-4ab0-bac6-a4b481381b8a,tianyi,1963,SELECT AVG( customer.credit_score ) FROM customer JOIN loan ON customer.cust_id = loan.cust_id,Find the average credit score of the customers who have some loan.,"JOIN, loan, ON",Correct.,,192.611000061035,19,2,SELECT avg(credit_score) FROM customer WHERE cust_id IN (SELECT cust_id FROM loan)
20,5aa03259-a584-4745-bfb3-1de0338ba876,c69e6490-5e27-4ab0-bac6-a4b481381b8a,tianyi,2186,SELECT AVG( gradeconversion.gradepoint ) FROM student WHERE student.lname = 'Smith',Find the average grade point of student whose last name is Smith.,"customers, lessons, AVG( gradeconversion.gradepoint ), student",,"F4, CM6, CL1, CE2",109.537999868393,21,2,"SELECT avg(T2.gradepoint) FROM ENROLLED_IN AS T1 JOIN GRADECONVERSION AS T2 JOIN STUDENT AS T3 ON T1.Grade  =  T2.lettergrade AND T1.StuID  =  T3.StuID WHERE T3.LName  =  ""Smith"""
21,aea4dc0d-8cfb-49b6-860b-2cea9791493e,c69e6490-5e27-4ab0-bac6-a4b481381b8a,tianyi,2027,SELECT artist.artist_name FROM artist JOIN song ON artist.artist_name = song.artist_name WHERE artist.country = 'Bangladesh' AND song.rating > 7,Find the names of the artists who are from Bangladesh and have never received rating higher than 7.,"JOIN, song, ON, artist.artist_name = song.artist_name",,"A1b, A1a",94.8609998226166,22,2,"SELECT DISTINCT artist_name FROM artist WHERE country  =  ""Bangladesh"" EXCEPT SELECT DISTINCT artist_name FROM song WHERE rating  >  7"
22,24f21844-234c-4b52-b51e-239e3f6e4095,c69e6490-5e27-4ab0-bac6-a4b481381b8a,tianyi,1141,SELECT COUNT( * ) FROM postseason WHERE postseason.losses = 1885 AND postseason.ties = 1,"Find the number of tied games (the value of ""ties"" is '1') in 1885 postseason.",WHERE postseason.losses = 1885 AND postseason.ties = 1,,"I1, BF4",92.7490000724792,23,2,SELECT count(*) FROM postseason WHERE YEAR  =  1885 AND ties  =  1;
23,9f87ecc2-c363-406a-a1b2-7224f32ede9a,c69e6490-5e27-4ab0-bac6-a4b481381b8a,tianyi,1876,"SELECT accounts.name FROM accounts, checking, savings WHERE accounts.name = (SELECT accounts.name , checking.balance , savings.balance , SUM( savings.balance ) FROM accounts JOIN checking ON accounts.custid = checking.custid JOIN savings ON checking.balance = savings.custid)","Find the name, checking balance and savings balance of all accounts in the bank sorted by their total checking and savings balance in descending order.","accounts, checking, savings, WHERE accounts.name = (SELECT accounts.name , checking.balance , savings.balance , SUM( savings.balance ) FROM accounts JOIN checking ON accounts.custid = checking.custid JOIN savings ON checking.balance = savings.custid)",Redundant column in FROM,"I2, H2",174.49799990654,24,2,"SELECT T2.balance ,  T3.balance ,  T1.name FROM accounts AS T1 JOIN checking AS T2 ON T1.custid  =  T2.custid JOIN savings AS T3 ON T1.custid  =  T3.custid ORDER BY T2.balance + T3.balance DESC"
24,ced9d6c5-8e2f-4080-b0a7-eddaa4de1646,c69e6490-5e27-4ab0-bac6-a4b481381b8a,tianyi,2010,"SELECT MAX( files.duration ) , AVG( song.resolution ) FROM files JOIN song ON files.f_id = song.f_id ORDER BY song.languages ASC","What are the maximum duration and resolution of all songs, for each language, ordered alphabetically by language?","MAX( files.duration ) , AVG( song.resolution )",Return a wrong value; ,BL3,81.0299999713898,25,2,"SELECT max(T1.duration) ,  max(T2.resolution) ,  T2.languages FROM files AS T1 JOIN song AS T2 ON T1.f_id  =  T2.f_id GROUP BY T2.languages ORDER BY T2.languages"
25,4c035b99-0b03-4cff-adff-cf4594153b65,c69e6490-5e27-4ab0-bac6-a4b481381b8a,tianyi,1903,SELECT COUNT( * ) FROM participants JOIN participants_in_events ON participants.participant_id = participants_in_events.participant_id WHERE participants.participant_details LIKE '%Dr%',How many events had participants whose details had the substring 'Dr.',WHERE participants.participant_details LIKE '%Dr%',,"D1c, DF2",85.8489999771118,26,2,SELECT count(*) FROM participants AS T1 JOIN Participants_in_Events AS T2 ON T1.Participant_ID  =  T2.Participant_ID WHERE T1.participant_details LIKE '%Dr.%'
26,eff55d09-af1a-4609-9ca5-bc4345f978c2,c69e6490-5e27-4ab0-bac6-a4b481381b8a,tianyi,46,SELECT COUNT( * ) FROM medicine WHERE medicine.fda_approved = 'no',How many medicines were not approved by the FDA?,WHERE medicine.fda_approved = 'no',,D1a,13.4430000782013,27,2,SELECT count(*) FROM medicine WHERE FDA_approved  =  'No'
27,7d6ef426-fc81-49be-a251-210e239ae2ed,c69e6490-5e27-4ab0-bac6-a4b481381b8a,tianyi,2118,"SELECT DISTINCT student.fname , student.lname FROM student JOIN member_of_club ON student.stuid = member_of_club.stuid JOIN club ON club.clubid = member_of_club.clubid WHERE club.clubname = 'Bootup Baltimore' AND student.sex = 'f'","Give me the first name and last name for all the female members of the club ""Bootup Baltimore"".","student.stuid = member_of_club.stuid, WHERE club.clubname = 'Bootup Baltimore' AND student.sex = 'f'",Redundant DISTINCT;,"D1a, G1, CM6",162.93700003624,28,2,"SELECT t3.fname ,  t3.lname FROM club AS t1 JOIN member_of_club AS t2 ON t1.clubid  =  t2.clubid JOIN student AS t3 ON t2.stuid  =  t3.stuid WHERE t1.clubname  =  ""Bootup Baltimore"" AND t3.sex  =  ""F"""
28,a195914a-8ade-4e8e-b308-091287d2efee,c69e6490-5e27-4ab0-bac6-a4b481381b8a,tianyi,2123,"SELECT DISTINCT student.fname , student.lname FROM club JOIN member_of_club ON club.clubid = member_of_club.clubid JOIN student ON student.stuid = member_of_club.stuid WHERE club.clubname = 'Bootup Baltimore' AND member_of_club.position = 'president'","What are the first and last name of the president of the club ""Bootup Baltimore""?","WHERE club.clubname = 'Bootup Baltimore' AND member_of_club.position = 'president', DISTINCT",Redundant DISTINCT.,"D1a, CM6, G1",100.229000091553,29,2,"SELECT t3.fname ,  t3.lname FROM club AS t1 JOIN member_of_club AS t2 ON t1.clubid  =  t2.clubid JOIN student AS t3 ON t2.stuid  =  t3.stuid WHERE t1.clubname  =  ""Bootup Baltimore"" AND t2.position  =  ""President"""
29,d436ebe7-8809-46fc-ac56-fbbd99f08112,c69e6490-5e27-4ab0-bac6-a4b481381b8a,tianyi,1712,"SELECT AVG( singer.age ) , MIN( singer.age ) , MAX( singer.age ) FROM singer WHERE singer.country = 'French'","What is the average, minimum, and maximum age for all French singers?",WHERE singer.country = 'French',,D1c,35.8090000152588,30,2,"SELECT avg(age) ,  min(age) ,  max(age) FROM singer WHERE country  =  'France'"
30,cdc31e53-94de-409e-8d0f-c7e53d456a6d,c69e6490-5e27-4ab0-bac6-a4b481381b8a,tianyi,1561,"SELECT ref_document_types.document_type_name , COUNT( * ) FROM documents JOIN ref_document_types ON documents.document_type_code = ref_document_types.document_type_code GROUP BY documents.document_type_code",How many documents are there of each type?,"JOIN, ON, documents.document_type_code = ref_document_types.document_type_code, ref_document_types.document_type_name , COUNT( * ), ref_document_types",,"CL1, E1",175.614000082016,31,2,"SELECT document_type_code ,  count(*) FROM Documents GROUP BY document_type_code"
31,b7e83884-78f2-4de0-beb8-3ef45d022701,c69e6490-5e27-4ab0-bac6-a4b481381b8a,tianyi,2077,SELECT procedures.name FROM procedures JOIN trained_in ON procedures.code = trained_in.treatment JOIN physician ON trained_in.physician = physician.employeeid WHERE physician.name = 'John Wen' AND procedures.cost<5000,Find the names of all procedures such that the cost is less than 5000 and physician John Wen was trained in.,WHERE physician.name = 'John Wen' AND procedures.cost<5000,Miss INTERSECT; Redundant boolean operator AND.,,199.644999980927,32,2,"SELECT name FROM procedures WHERE cost  <  5000 INTERSECT SELECT T3.name FROM physician AS T1 JOIN trained_in AS T2 ON T1.employeeid  =  T2.physician JOIN procedures AS T3 ON T3.code  =  T2.treatment WHERE T1.name  =  ""John Wen"""
32,cf8e4b68-d3c1-4685-af49-a10f86474915,c69e6490-5e27-4ab0-bac6-a4b481381b8a,tianyi,2076,SELECT procedures.name FROM procedures JOIN trained_in ON procedures.code = trained_in.treatment JOIN physician ON trained_in.physician = physician.employeeid JOIN procedures ON procedures.code = trained_in.treatment JOIN physician ON physician.employeeid = trained_in.physician WHERE physician.name != 'John Wen' AND procedures.cost > 1000,"Among the procedures that cost more than 1000, which were not specialized in by physician John Wen?","WHERE physician.name != 'John Wen' AND procedures.cost > 1000, procedures.code = trained_in.treatment, JOIN, ON, procedures",,E1,165.985000133514,33,2,"SELECT name FROM procedures WHERE cost  >  1000 EXCEPT SELECT T3.name FROM physician AS T1 JOIN trained_in AS T2 ON T1.employeeid  =  T2.physician JOIN procedures AS T3 ON T3.code  =  T2.treatment WHERE T1.name  =  ""John Wen"""
33,d388641d-e59e-4e2f-80eb-ca4db2b928ee,c69e6490-5e27-4ab0-bac6-a4b481381b8a,tianyi,1956,SELECT customer.cust_name FROM customer EXCEPT SELECT customer.cust_name FROM customer JOIN loan ON customer.cust_id = loan.cust_id WHERE loan.loan_type = 'Mortage',What are the names of customers who have not taken a Mortage loan?,WHERE loan.loan_type = 'Mortage',,D1b,54.0499999523163,34,2,SELECT cust_name FROM customer EXCEPT SELECT T1.cust_name FROM customer AS T1 JOIN loan AS T2 ON T1.cust_id  =  T2.cust_id WHERE T2.loan_type  =  'Mortgages'
34,8946e504-f48a-4045-a39b-00c761dd319c,c69e6490-5e27-4ab0-bac6-a4b481381b8a,tianyi,2059,SELECT physician.name FROM prescribes JOIN medication ON prescribes.medication = medication.code JOIN prescribes ON physician.employeeid = prescribes.physician WHERE medication.name = 'Thesisin',What is the names of the physicians who prescribe medication Thesisin?,prescribes,,CM6,84.3129999637604,35,2,"SELECT DISTINCT T1.name FROM physician AS T1 JOIN prescribes AS T2 ON T1.employeeid = T2.physician JOIN medication AS T3 ON T3.code = T2.medication WHERE T3.name  =  ""Thesisin"""
35,6f79f7dd-7137-4af0-9290-932db49f1fec,c69e6490-5e27-4ab0-bac6-a4b481381b8a,tianyi,1783,"SELECT DISTINCT tv_channel.series_name , tv_channel.content FROM tv_channel",List the number of different series names and contents in the TV Channel table.,"tv_channel.series_name , tv_channel.content",Return wrong values -- miss count().,,209.111999988556,36,2,"SELECT count(DISTINCT series_name) ,  count(DISTINCT content) FROM TV_Channel;"
36,191189fe-69a9-47bb-8889-c4a276cf62f2,c69e6490-5e27-4ab0-bac6-a4b481381b8a,tianyi,597,SELECT COUNT( * ) FROM addresses JOIN staff ON addresses.address_id = staff.staff_address_id WHERE addresses.state_province_county = 'Georgia',How many staff live in state Georgia?,"JOIN, staff, ON, addresses.address_id = staff.staff_address_id",,E1,47.2780001163483,37,2,"SELECT count(*) FROM Addresses WHERE state_province_county = ""Georgia"";"
37,509f7389-5572-4042-b440-acf41872238c,c69e6490-5e27-4ab0-bac6-a4b481381b8a,tianyi,513,SELECT video_games.gname FROM video_games WHERE video_games.gtype = 'collectible cards',What are the names of all video games that are collectible cards?,WHERE video_games.gtype = 'collectible cards',,D1c,31.5550000667572,38,2,"SELECT gname FROM Video_games WHERE gtype  =  ""Collectible card game"""
38,72822861-9715-47d5-b431-1c6c26d11823,c69e6490-5e27-4ab0-bac6-a4b481381b8a,tianyi,530,SELECT sportsinfo.stuid FROM sportsinfo WHERE sportsinfo.onscholarship = 'y',List ids for all student who are on scholarship.,WHERE sportsinfo.onscholarship = 'y',,D1a,18.5649998188019,39,2,SELECT StuID FROM Sportsinfo WHERE onscholarship  =  'Y'
39,37fc7c79-5021-40a2-a505-19bc78650ef6,c69e6490-5e27-4ab0-bac6-a4b481381b8a,tianyi,2174,SELECT person.name FROM person WHERE personfriend.friend NOT IN (SELECT personfriend.name FROM personfriend),What are the names of all people who do not have friends?,WHERE personfriend.friend NOT IN (SELECT personfriend.name FROM personfriend),,H2,68.6380000114441,40,2,SELECT name FROM person EXCEPT SELECT name FROM PersonFriend
40,17d0c6e1-38ea-4730-82b5-b070851c88b2,c69e6490-5e27-4ab0-bac6-a4b481381b8a,tianyi,1146,SELECT COUNT( * ) FROM home_game JOIN park ON home_game.park_id = park.park_id WHERE home_game.attendance = 1907 AND park.park_alias = 'Columbia Park',"How many games were played in park ""Columbia Park"" in 1907?",WHERE home_game.attendance = 1907 AND park.park_alias = 'Columbia Park',,BF4,86.5610001087189,41,2,SELECT count(*) FROM home_game AS T1 JOIN park AS T2 ON T1.park_id  =  T2.park_id WHERE T1.year = 1907 AND T2.park_name = 'Columbia Park';
41,45f0f7f6-0785-4144-8ef0-4ceae44be38c,c69e6490-5e27-4ab0-bac6-a4b481381b8a,tianyi,1153,SELECT SUM( salary.salary ) FROM salary JOIN player ON salary.player_id = player.player_id WHERE player.name_first = 'Barker' AND player.name_last = 'Len' AND salary.year BETWEEN 1985 and 1990,Compute the total salary that the player with first name Len and last name Barker received between 1985 to 1990.,WHERE player.name_first = 'Barker' AND player.name_last = 'Len' AND salary.year BETWEEN 1985 and 1990,,D1,103.192999839783,42,2,SELECT sum(T1.salary) FROM salary AS T1 JOIN player AS T2 ON T1.player_id = T2.player_id WHERE T2.name_first  =  'Len' AND T2.name_last = 'Barker' AND T1.year BETWEEN 1985 AND 1990;
42,353b1318-5891-4093-b0ac-b6b147dff660,c69e6490-5e27-4ab0-bac6-a4b481381b8a,tianyi,2349,"SELECT COUNT( * ) , airports.city FROM airports WHERE airports.country = 'US' GROUP BY airports.city ORDER BY COUNT( * ) DESC",How many airports are there per city in the US ordered from most to least?,WHERE airports.country = 'US' ,,D1c,31.7039999961853,43,2,"SELECT count(*) ,  city FROM airports WHERE country  =  'United States' GROUP BY city ORDER BY count(*) DESC"
43,dd167e76-2a81-436b-938f-9564f97aaaaa,c69e6490-5e27-4ab0-bac6-a4b481381b8a,tianyi,2170,"SELECT DISTINCT personfriend.name , person.age FROM person JOIN personfriend ON person.name = personfriend.name WHERE person.gender = 'Dan' OR person.gender = 'alice'",What are the different names and ages of every friend of either Dan or alice?,"WHERE person.gender = 'Dan' OR person.gender = 'alice', personfriend.name , person.age",,"D1a, CL1",62.9649999141693,44,2,"SELECT DISTINCT T1.name ,  T1.age FROM Person AS T1 JOIN PersonFriend AS T2 ON T1.name  =  T2.name WHERE T2.friend  =  'Dan' OR T2.friend  =  'Alice'"
44,463fb552-5a8f-4473-b0bf-a267545afb67,c69e6490-5e27-4ab0-bac6-a4b481381b8a,tianyi,2296,SELECT student.stuid FROM sportsinfo JOIN student ON sportsinfo.stuid = student.stuid WHERE student.sex = 'm' AND sportsinfo.sportname != 'football',Show all male student ids who don't play football.,WHERE student.sex = 'm' AND sportsinfo.sportname != 'football',,"D1a, CM6",75.9739999771118,45,2,"SELECT StuID FROM Student WHERE sex  =  'M' EXCEPT SELECT StuID FROM Sportsinfo WHERE sportname  =  ""Football"""
45,d8d29f66-d756-4b77-b6bc-df7f2770de9c,c69e6490-5e27-4ab0-bac6-a4b481381b8a,tianyi,1739,SELECT cars_data.accelerate FROM cars_data JOIN car_names ON cars_data.id = car_names.makeid WHERE car_names.make = 'amc hornet sportabout (sw',What is the accelerate of the car make amc hornet sportabout (sw)?,WHERE car_names.make = 'amc hornet sportabout (sw',,D1c,66.5829999446869,46,2,SELECT T1.Accelerate FROM CARS_DATA AS T1 JOIN CAR_NAMES AS T2 ON T1.Id  =  T2.MakeId WHERE T2.Make  =  'amc hornet sportabout (sw)';
46,60d8ceb2-24f7-4b7f-adbb-0166ac2681a1,c69e6490-5e27-4ab0-bac6-a4b481381b8a,tianyi,1739,SELECT cars_data.accelerate FROM cars_data JOIN car_names ON cars_data.id = car_names.makeid WHERE car_names.make = 'amc hornet sportabout (sw',What is the accelerate of the car make amc hornet sportabout (sw)?,WHERE car_names.make = 'amc hornet sportabout (sw',,D1c,74.5920000076294,46,2,SELECT T1.Accelerate FROM CARS_DATA AS T1 JOIN CAR_NAMES AS T2 ON T1.Id  =  T2.MakeId WHERE T2.Make  =  'amc hornet sportabout (sw)';
47,49eefb2f-b608-4e77-bd1f-641d800f57ee,3661964e-e14a-4214-baf7-560251a57a10,zhengzhang,2028,SELECT DISTINCT artist.artist_name FROM artist JOIN song ON artist.artist_name = song.artist_name WHERE artist.country = 'Bangladesh' AND song.rating > 7,What are the names of the different artists from Bangladesh who never received a rating higher than a 7?,,,"A1d, DF2",1413.24799990654,1,2,"SELECT DISTINCT artist_name FROM artist WHERE country  =  ""Bangladesh"" EXCEPT SELECT DISTINCT artist_name FROM song WHERE rating  >  7"
48,cecf1334-7843-4cb6-87cc-80d4d6058bfb,3661964e-e14a-4214-baf7-560251a57a10,zhengzhang,1127,"SELECT hall_of_fame.ballots , COUNT( * ) FROM hall_of_fame GROUP BY hall_of_fame.ballots",Count the number of players who enter hall of fame for each year.,,,"BN1, BL1",55.4409999847412,2,2,"SELECT yearid ,  count(*) FROM hall_of_fame GROUP BY yearid;"
49,b7cc657c-ee09-4d10-ad11-c9dd7c269df1,3661964e-e14a-4214-baf7-560251a57a10,zhengzhang,1324,SELECT faculty.room FROM faculty WHERE faculty.rank = 'professor' AND faculty.building = 'NEB',Find the rooms of faculties with rank professor who live in building NEB.,,,"D1a, BF4, BL1",106.115999937057,3,2,"SELECT Room FROM FACULTY WHERE Rank  =  ""Professor"" AND Building  =  ""NEB"""
50,f16bdd8a-c657-449d-b2ae-e0d5baa7a571,3661964e-e14a-4214-baf7-560251a57a10,zhengzhang,1874,"SELECT checking.balance , savings.balance FROM accounts JOIN checking ON accounts.custid = checking.custid WHERE accounts.name = 'Brown’s'",Find the checking balance and saving balance in the Brown’s account.,,,CE2,69.0799999237061,4,2,"SELECT T2.balance ,  T3.balance FROM accounts AS T1 JOIN checking AS T2 ON T1.custid  =  T2.custid JOIN savings AS T3 ON T1.custid  =  T3.custid WHERE T1.name  =  'Brown'"
51,30b4fa0a-1678-4552-9b92-2a664fcc949f,3661964e-e14a-4214-baf7-560251a57a10,zhengzhang,760,"SELECT medicine.name , medicine.trade_name FROM medicine WHERE medicine.fda_approved = 'yes'",What are the names and trade names of the medicines which has 'Yes' value in the FDA record?,,,D1a,215.333000183105,5,2,"SELECT name ,  trade_name FROM medicine WHERE FDA_approved  =  'Yes'"
52,b2626a46-14d6-4629-95cc-7c99eae3d47a,3661964e-e14a-4214-baf7-560251a57a10,zhengzhang,1267,SELECT project_staff.role_code FROM project_staff WHERE project_staff.staff_id = 1 AND project_staff.date_from = 1 AND project_staff.date_to = 1 AND project_staff.date_from = 1 AND project_staff.date_to = 1,What are the staff roles of the staff who,,,"F4, I2",84.9370000362396,6,2,SELECT role_code FROM Project_Staff WHERE date_from  >  '2003-04-19 15:06:20' AND date_to  <  '2016-03-15 00:33:18'
53,d7707f5b-4350-4160-b9b7-17646642a507,3661964e-e14a-4214-baf7-560251a57a10,zhengzhang,1160,"SELECT mountain.id , mountain.name FROM mountain JOIN photos ON mountain.id = photos.mountain_id WHERE mountain.height > 'mountains'",What are the id and name of the photos for mountains?,,,DF2,55.8870000839233,7,2,"SELECT T1.id ,  T1.name FROM mountain AS T1 JOIN photos AS T2 ON T1.id  =  T2.mountain_id WHERE T1.height  >  4000"
54,6667d825-88fc-4a34-b130-0496c23f2d87,3661964e-e14a-4214-baf7-560251a57a10,zhengzhang,1816,"SELECT album.title , album.albumid FROM album JOIN track ON album.albumid = track.albumid WHERE track.unitprice > 1",What are the titles and ids for albums containing tracks with unit price greater than 1?,,Use redundant GROUP BY,,110.368999958038,8,2,"SELECT T1.Title ,  T2.AlbumID FROM ALBUM AS T1 JOIN TRACK AS T2 ON T1.AlbumId  =  T2.AlbumId WHERE T2.UnitPrice  >  1 GROUP BY T2.AlbumID"
55,d93d19f2-919c-4a59-8454-d76b34113134,3661964e-e14a-4214-baf7-560251a57a10,zhengzhang,1501,SELECT student.lname FROM sportsinfo JOIN student ON sportsinfo.stuid = student.stuid WHERE sportsinfo.onscholarship = 'y',Show last names for all student who are on scholarship.,,,D1a,12.7030000686646,9,2,SELECT T2.Lname FROM Sportsinfo AS T1 JOIN Student AS T2 ON T1.StuID  =  T2.StuID WHERE T1.onscholarship  =  'Y'
56,b453970b-02ba-4714-821c-b8ddfcb1c33d,3661964e-e14a-4214-baf7-560251a57a10,zhengzhang,604,SELECT COUNT( * ) FROM lessons WHERE lessons.lesson_status_code = 'cancelled',How many lessons have been cancelled?,,,D1a,16.0750000476837,10,2,"SELECT count(*) FROM Lessons WHERE lesson_status_code = ""Cancelled"";"
57,bd3f458c-3ee9-4f7c-b78a-c48ebd380ec3,3661964e-e14a-4214-baf7-560251a57a10,zhengzhang,1612,SELECT addresses.state_province_county FROM addresses JOIN staff ON addresses.address_id = staff.staff_address_id GROUP BY addresses.state_province_county HAVING COUNT( * ) >= 2,What are the names of the states that have 2 to 4 employees living there?,,,"DF2, F1",47.3069999217987,11,2,SELECT T1.state_province_county FROM Addresses AS T1 JOIN Staff AS T2 ON T1.address_id = T2.staff_address_id GROUP BY T1.state_province_county HAVING count(*) BETWEEN 2 AND 4;
58,43f6d9cc-21b4-464d-b6d4-eea28db0069c,3661964e-e14a-4214-baf7-560251a57a10,zhengzhang,1623,SELECT COUNT( * ) FROM customers JOIN lessons ON customers.customer_id = lessons.customer_id WHERE customers.first_name = 'Rylan' AND customers.last_name = 'Goodwin',How many lessons taken by customer with first name as Rylan and last name as Goodwin were completed?,,,F4,35.8680000305176,12,2,"SELECT count(*) FROM Lessons AS T1 JOIN Customers AS T2 ON T1.customer_id  = T2.customer_id WHERE T2.first_name = ""Rylan"" AND T2.last_name = ""Goodwin"" AND T1.lesson_status_code = ""Completed"";"
59,99ed95c8-5e5e-4cd0-893d-18a90567ffca,3661964e-e14a-4214-baf7-560251a57a10,zhengzhang,1745,"SELECT car_makers.maker , model_list.model FROM car_makers JOIN model_list ON car_makers.id = model_list.maker",What are all the makers and models?,,,E1,35.569000005722,13,2,"SELECT Maker ,  Model FROM MODEL_LIST;"
60,2360cf4b-de53-46d2-8cbe-593b10e2491c,3661964e-e14a-4214-baf7-560251a57a10,zhengzhang,2013,"SELECT COUNT( * ) , artist.artist_name FROM artist JOIN song ON artist.artist_name = song.artist_name WHERE song.languages = 'English' GROUP BY artist.artist_name",Find the names and number of works of all artists who have at least one English songs.,,Miss HAVING condition,"D1a, F4",39.9820001125336,14,2,"SELECT T1.artist_name ,  count(*) FROM artist AS T1 JOIN song AS T2 ON T1.artist_name  =  T2.artist_name WHERE T2.languages  =  ""english"" GROUP BY T2.artist_name HAVING count(*)  >=  1"
61,eb4bd2e3-0a97-4917-845e-bc706a2a6e77,3661964e-e14a-4214-baf7-560251a57a10,zhengzhang,2002,SELECT song.f_id FROM files WHERE files.formats = 'mp4' OR song.resolution > 720,What are the ids of all songs that are available on mp4 or have a higher resolution than 720?,,,A1e,23.8429999351501,15,2,"SELECT f_id FROM files WHERE formats  =  ""mp4"" UNION SELECT f_id FROM song WHERE resolution  >  720"
62,7dd0f18b-d7d9-4459-9ff9-50b564aa86a4,3661964e-e14a-4214-baf7-560251a57a10,zhengzhang,2016,"SELECT DISTINCT artist.artist_name , artist.country FROM artist JOIN song ON artist.artist_name = song.artist_name WHERE song.resolution > 900",What is the name and country of origin for each artist who has released a song with a resolution higher than 900?,,Miss GROUP BY; Miss HAVING condition,,46.1180000305176,16,2,"SELECT T1.artist_name ,  T1.country FROM artist AS T1 JOIN song AS T2 ON T1.artist_name  =  T2.artist_name WHERE T2.resolution  >  900 GROUP BY T2.artist_name HAVING count(*)  >=  1"
63,56abf7e3-9439-4e68-ba30-8f607b5badb6,3661964e-e14a-4214-baf7-560251a57a10,zhengzhang,2339,SELECT lessons.lesson_id FROM lessons JOIN staff ON lessons.staff_id = staff.staff_id WHERE staff.nickname LIKE '%s%',What are the the lesson ids of all staff taught by Janessa Sawayn whose nickname has the letter s?,,,F4,17.4830000400543,17,2,"SELECT T1.lesson_id FROM Lessons AS T1 JOIN Staff AS T2 ON T1.staff_id = T2.staff_id WHERE T2.first_name = ""Janessa"" AND T2.last_name = ""Sawayn"" AND nickname LIKE ""%s%"";"
64,ef380308-f618-486e-8cb6-c9340682d62e,3661964e-e14a-4214-baf7-560251a57a10,zhengzhang,733,SELECT AVG( track.unitprice ) FROM genre JOIN track ON genre.genreid = track.genreid WHERE genre.name = 'jazz',Find the average unit price of jazz tracks.,,,D1a,16.164999961853,18,2,"SELECT AVG(UnitPrice) FROM GENRE AS T1 JOIN TRACK AS T2 ON T1.GenreId  =  T2.GenreId WHERE T1.Name  =  ""Jazz"""
65,f72a676d-3946-4805-abe6-4bd01f659f10,3661964e-e14a-4214-baf7-560251a57a10,zhengzhang,1963,SELECT AVG( customer.credit_score ) FROM customer JOIN loan ON customer.cust_id = loan.cust_id,Find the average credit score of the customers who have some loan.,,I think the hypothetical query is also correct,,109.604000091553,19,2,SELECT avg(credit_score) FROM customer WHERE cust_id IN (SELECT cust_id FROM loan)
66,7e86154e-2284-4fbd-b79d-36a044e168f8,3661964e-e14a-4214-baf7-560251a57a10,zhengzhang,1624,SELECT COUNT( * ) FROM customers JOIN lessons ON customers.customer_id = lessons.customer_id WHERE customers.first_name = 'Ryan' AND customers.last_name = 'Goodwin',How many lessons did the customer Ryan Goodwin complete?,,Value error: Spelling error,"F4, DF2",54.8129999637604,20,2,"SELECT count(*) FROM Lessons AS T1 JOIN Customers AS T2 ON T1.customer_id  = T2.customer_id WHERE T2.first_name = ""Rylan"" AND T2.last_name = ""Goodwin"" AND T1.lesson_status_code = ""Completed"";"
67,c2c83c7e-a9bc-4f5f-8a4d-a63b2c5d61be,3661964e-e14a-4214-baf7-560251a57a10,zhengzhang,2186,SELECT AVG( gradeconversion.gradepoint ) FROM student WHERE student.lname = 'Smith',Find the average grade point of student whose last name is Smith.,,,CE2,43693.8360002041,21,2,"SELECT avg(T2.gradepoint) FROM ENROLLED_IN AS T1 JOIN GRADECONVERSION AS T2 JOIN STUDENT AS T3 ON T1.Grade  =  T2.lettergrade AND T1.StuID  =  T3.StuID WHERE T3.LName  =  ""Smith"""
68,79fdb6a7-d736-4f04-bbd1-b37a9309f747,3661964e-e14a-4214-baf7-560251a57a10,zhengzhang,2027,SELECT artist.artist_name FROM artist JOIN song ON artist.artist_name = song.artist_name WHERE artist.country = 'Bangladesh' AND song.rating > 7,Find the names of the artists who are from Bangladesh and have never received rating higher than 7.,,,"I2, F1",55.4879999160767,22,2,"SELECT DISTINCT artist_name FROM artist WHERE country  =  ""Bangladesh"" EXCEPT SELECT DISTINCT artist_name FROM song WHERE rating  >  7"
69,fb9fc138-5c16-4aea-ac48-2160a5442e12,3661964e-e14a-4214-baf7-560251a57a10,zhengzhang,1141,SELECT COUNT( * ) FROM postseason WHERE postseason.losses = 1885 AND postseason.ties = 1,"Find the number of tied games (the value of ""ties"" is '1') in 1885 postseason.",,,BF4,29.7349998950958,23,2,SELECT count(*) FROM postseason WHERE YEAR  =  1885 AND ties  =  1;
70,531ffaee-ed7f-4f78-b74e-68cb1d224fb7,3661964e-e14a-4214-baf7-560251a57a10,zhengzhang,1876,"SELECT accounts.name FROM accounts, checking, savings WHERE accounts.name = (SELECT accounts.name , checking.balance , savings.balance , SUM( savings.balance ) FROM accounts JOIN checking ON accounts.custid = checking.custid JOIN savings ON checking.balance = savings.custid)","Find the name, checking balance and savings balance of all accounts in the bank sorted by their total checking and savings balance in descending order.",,,"K2, BL3, I2",83.0960001945496,24,2,"SELECT T2.balance ,  T3.balance ,  T1.name FROM accounts AS T1 JOIN checking AS T2 ON T1.custid  =  T2.custid JOIN savings AS T3 ON T1.custid  =  T3.custid ORDER BY T2.balance + T3.balance DESC"
71,8e47e4ea-f38f-43e6-bc51-aa3f09954ab8,3661964e-e14a-4214-baf7-560251a57a10,zhengzhang,2010,"SELECT MAX( files.duration ) , AVG( song.resolution ) FROM files JOIN song ON files.f_id = song.f_id ORDER BY song.languages ASC","What are the maximum duration and resolution of all songs, for each language, ordered alphabetically by language?",,Miss GROUP BY,,442.545000076294,25,2,"SELECT max(T1.duration) ,  max(T2.resolution) ,  T2.languages FROM files AS T1 JOIN song AS T2 ON T1.f_id  =  T2.f_id GROUP BY T2.languages ORDER BY T2.languages"
72,98db49ae-ddcf-4427-8b3d-754c9d7c63fd,3661964e-e14a-4214-baf7-560251a57a10,zhengzhang,1903,SELECT COUNT( * ) FROM participants JOIN participants_in_events ON participants.participant_id = participants_in_events.participant_id WHERE participants.participant_details LIKE '%Dr%',How many events had participants whose details had the substring 'Dr.',,,D1,124.144000053406,26,2,SELECT count(*) FROM participants AS T1 JOIN Participants_in_Events AS T2 ON T1.Participant_ID  =  T2.Participant_ID WHERE T1.participant_details LIKE '%Dr.%'
73,49933e90-426c-49ca-aa15-7b658c7142b2,3661964e-e14a-4214-baf7-560251a57a10,zhengzhang,46,SELECT COUNT( * ) FROM medicine WHERE medicine.fda_approved = 'no',How many medicines were not approved by the FDA?,,,D1a,15.4350001811981,27,2,SELECT count(*) FROM medicine WHERE FDA_approved  =  'No'
74,1aea4816-6754-4d6b-9f0f-3b8d72a0e9dd,3661964e-e14a-4214-baf7-560251a57a10,zhengzhang,2118,"SELECT DISTINCT student.fname , student.lname FROM student JOIN member_of_club ON student.stuid = member_of_club.stuid JOIN club ON club.clubid = member_of_club.clubid WHERE club.clubname = 'Bootup Baltimore' AND student.sex = 'f'","Give me the first name and last name for all the female members of the club ""Bootup Baltimore"".",,,D1a,31.0189998149872,28,2,"SELECT t3.fname ,  t3.lname FROM club AS t1 JOIN member_of_club AS t2 ON t1.clubid  =  t2.clubid JOIN student AS t3 ON t2.stuid  =  t3.stuid WHERE t1.clubname  =  ""Bootup Baltimore"" AND t3.sex  =  ""F"""
75,3afc419d-8c82-47fb-8c5e-483858d8c8c8,3661964e-e14a-4214-baf7-560251a57a10,zhengzhang,2123,"SELECT DISTINCT student.fname , student.lname FROM club JOIN member_of_club ON club.clubid = member_of_club.clubid JOIN student ON student.stuid = member_of_club.stuid WHERE club.clubname = 'Bootup Baltimore' AND member_of_club.position = 'president'","What are the first and last name of the president of the club ""Bootup Baltimore""?",,,D1a,18.0469999313354,29,2,"SELECT t3.fname ,  t3.lname FROM club AS t1 JOIN member_of_club AS t2 ON t1.clubid  =  t2.clubid JOIN student AS t3 ON t2.stuid  =  t3.stuid WHERE t1.clubname  =  ""Bootup Baltimore"" AND t2.position  =  ""President"""
76,3c1af069-8a6b-4c22-a0ef-c360c3550d2a,3661964e-e14a-4214-baf7-560251a57a10,zhengzhang,1712,"SELECT AVG( singer.age ) , MIN( singer.age ) , MAX( singer.age ) FROM singer WHERE singer.country = 'French'","What is the average, minimum, and maximum age for all French singers?",,,D1c,25.6749999523163,30,2,"SELECT avg(age) ,  min(age) ,  max(age) FROM singer WHERE country  =  'France'"
77,f8e6107f-3083-4db8-b0f5-3108c4727b6a,3661964e-e14a-4214-baf7-560251a57a10,zhengzhang,1561,"SELECT ref_document_types.document_type_name , COUNT( * ) FROM documents JOIN ref_document_types ON documents.document_type_code = ref_document_types.document_type_code GROUP BY documents.document_type_code",How many documents are there of each type?,,,"E1, BL1",55.4219999313354,31,2,"SELECT document_type_code ,  count(*) FROM Documents GROUP BY document_type_code"
78,359db7d4-eb89-496b-86ac-544d591e0eb3,3661964e-e14a-4214-baf7-560251a57a10,zhengzhang,2077,SELECT procedures.name FROM procedures JOIN trained_in ON procedures.code = trained_in.treatment JOIN physician ON trained_in.physician = physician.employeeid WHERE physician.name = 'John Wen' AND procedures.cost<5000,Find the names of all procedures such that the cost is less than 5000 and physician John Wen was trained in.,,It looks correct to me,,169.421000003815,32,2,"SELECT name FROM procedures WHERE cost  <  5000 INTERSECT SELECT T3.name FROM physician AS T1 JOIN trained_in AS T2 ON T1.employeeid  =  T2.physician JOIN procedures AS T3 ON T3.code  =  T2.treatment WHERE T1.name  =  ""John Wen"""
79,b051132f-5811-4602-a84c-0f5b42d52e1c,3661964e-e14a-4214-baf7-560251a57a10,zhengzhang,2076,SELECT procedures.name FROM procedures JOIN trained_in ON procedures.code = trained_in.treatment JOIN physician ON trained_in.physician = physician.employeeid JOIN procedures ON procedures.code = trained_in.treatment JOIN physician ON physician.employeeid = trained_in.physician WHERE physician.name != 'John Wen' AND procedures.cost > 1000,"Among the procedures that cost more than 1000, which were not specialized in by physician John Wen?",,,"I1, A1d, BE5",49.3400001525879,33,2,"SELECT name FROM procedures WHERE cost  >  1000 EXCEPT SELECT T3.name FROM physician AS T1 JOIN trained_in AS T2 ON T1.employeeid  =  T2.physician JOIN procedures AS T3 ON T3.code  =  T2.treatment WHERE T1.name  =  ""John Wen"""
80,2b73c97c-cde4-4130-94f6-549da48baff2,3661964e-e14a-4214-baf7-560251a57a10,zhengzhang,1956,SELECT customer.cust_name FROM customer EXCEPT SELECT customer.cust_name FROM customer JOIN loan ON customer.cust_id = loan.cust_id WHERE loan.loan_type = 'Mortage',What are the names of customers who have not taken a Mortage loan?,,,D1b,53.2269999980927,34,2,SELECT cust_name FROM customer EXCEPT SELECT T1.cust_name FROM customer AS T1 JOIN loan AS T2 ON T1.cust_id  =  T2.cust_id WHERE T2.loan_type  =  'Mortgages'
81,e53a6288-f06f-41e6-b195-cbc4438f71c8,3661964e-e14a-4214-baf7-560251a57a10,zhengzhang,2059,SELECT physician.name FROM prescribes JOIN medication ON prescribes.medication = medication.code JOIN prescribes ON physician.employeeid = prescribes.physician WHERE medication.name = 'Thesisin',What is the names of the physicians who prescribe medication Thesisin?,,,"CE3, A1b",89.6410000324249,35,2,"SELECT DISTINCT T1.name FROM physician AS T1 JOIN prescribes AS T2 ON T1.employeeid = T2.physician JOIN medication AS T3 ON T3.code = T2.medication WHERE T3.name  =  ""Thesisin"""
82,79f80302-49b1-4ea8-8a1c-706238126f93,3661964e-e14a-4214-baf7-560251a57a10,zhengzhang,1783,"SELECT DISTINCT tv_channel.series_name , tv_channel.content FROM tv_channel",List the number of different series names and contents in the TV Channel table.,,Miss aggregate function,L4,46.4710001945496,36,2,"SELECT count(DISTINCT series_name) ,  count(DISTINCT content) FROM TV_Channel;"
83,2e2d2dee-7c33-4989-a3a9-7d1cecc8c494,3661964e-e14a-4214-baf7-560251a57a10,zhengzhang,597,SELECT COUNT( * ) FROM addresses JOIN staff ON addresses.address_id = staff.staff_address_id WHERE addresses.state_province_county = 'Georgia',How many staff live in state Georgia?,,,E1,53.5759999752045,37,2,"SELECT count(*) FROM Addresses WHERE state_province_county = ""Georgia"";"
84,37db8f6a-06a9-45a1-8378-4ec68bd7f443,3661964e-e14a-4214-baf7-560251a57a10,zhengzhang,513,SELECT video_games.gname FROM video_games WHERE video_games.gtype = 'collectible cards',What are the names of all video games that are collectible cards?,,,D1,31.0260000228882,38,2,"SELECT gname FROM Video_games WHERE gtype  =  ""Collectible card game"""
85,24880ebc-f52b-4eca-947f-9a06428f517b,3661964e-e14a-4214-baf7-560251a57a10,zhengzhang,530,SELECT sportsinfo.stuid FROM sportsinfo WHERE sportsinfo.onscholarship = 'y',List ids for all student who are on scholarship.,,,D1a,11.6259999275208,39,2,SELECT StuID FROM Sportsinfo WHERE onscholarship  =  'Y'
86,06c68f92-264f-493c-8129-04c74a3fdfec,3661964e-e14a-4214-baf7-560251a57a10,zhengzhang,2174,SELECT person.name FROM person WHERE personfriend.friend NOT IN (SELECT personfriend.name FROM personfriend),What are the names of all people who do not have friends?,,,"CE2, A1d",38.683000087738,40,2,SELECT name FROM person EXCEPT SELECT name FROM PersonFriend
87,1f10aa86-8b9f-4084-baaa-248896f158c7,3661964e-e14a-4214-baf7-560251a57a10,zhengzhang,1146,SELECT COUNT( * ) FROM home_game JOIN park ON home_game.park_id = park.park_id WHERE home_game.attendance = 1907 AND park.park_alias = 'Columbia Park',"How many games were played in park ""Columbia Park"" in 1907?",,,BF4,37.9719998836517,41,2,SELECT count(*) FROM home_game AS T1 JOIN park AS T2 ON T1.park_id  =  T2.park_id WHERE T1.year = 1907 AND T2.park_name = 'Columbia Park';
88,9baf8dc6-97c5-4d64-9b1b-5e45fe20d779,3661964e-e14a-4214-baf7-560251a57a10,zhengzhang,1153,SELECT SUM( salary.salary ) FROM salary JOIN player ON salary.player_id = player.player_id WHERE player.name_first = 'Barker' AND player.name_last = 'Len' AND salary.year BETWEEN 1985 and 1990,Compute the total salary that the player with first name Len and last name Barker received between 1985 to 1990.,,The first and last name were opposite,"D1, DF2",74.8700001239777,42,2,SELECT sum(T1.salary) FROM salary AS T1 JOIN player AS T2 ON T1.player_id = T2.player_id WHERE T2.name_first  =  'Len' AND T2.name_last = 'Barker' AND T1.year BETWEEN 1985 AND 1990;
89,bb280aff-3030-48de-8fe8-a454c9557def,3661964e-e14a-4214-baf7-560251a57a10,zhengzhang,2349,"SELECT COUNT( * ) , airports.city FROM airports WHERE airports.country = 'US' GROUP BY airports.city ORDER BY COUNT( * ) DESC",How many airports are there per city in the US ordered from most to least?,,,D1,64.2849998474121,43,2,"SELECT count(*) ,  city FROM airports WHERE country  =  'United States' GROUP BY city ORDER BY count(*) DESC"
90,0d806536-1c66-48a6-9630-c2dee330804c,3661964e-e14a-4214-baf7-560251a57a10,zhengzhang,2170,"SELECT DISTINCT personfriend.name , person.age FROM person JOIN personfriend ON person.name = personfriend.name WHERE person.gender = 'Dan' OR person.gender = 'alice'",What are the different names and ages of every friend of either Dan or alice?,,,BF4,28.2549998760223,44,2,"SELECT DISTINCT T1.name ,  T1.age FROM Person AS T1 JOIN PersonFriend AS T2 ON T1.name  =  T2.name WHERE T2.friend  =  'Dan' OR T2.friend  =  'Alice'"
91,a9088672-ee51-443e-9025-cd2ac6f97d06,3661964e-e14a-4214-baf7-560251a57a10,zhengzhang,2296,SELECT student.stuid FROM sportsinfo JOIN student ON sportsinfo.stuid = student.stuid WHERE student.sex = 'm' AND sportsinfo.sportname != 'football',Show all male student ids who don't play football.,,,D1a,23.7649998664856,45,2,"SELECT StuID FROM Student WHERE sex  =  'M' EXCEPT SELECT StuID FROM Sportsinfo WHERE sportname  =  ""Football"""
92,e6996b53-658f-4148-aa5b-47ae902601a7,3661964e-e14a-4214-baf7-560251a57a10,zhengzhang,1739,SELECT cars_data.accelerate FROM cars_data JOIN car_names ON cars_data.id = car_names.makeid WHERE car_names.make = 'amc hornet sportabout (sw',What is the accelerate of the car make amc hornet sportabout (sw)?,,,D1,25.4800000190735,46,2,SELECT T1.Accelerate FROM CARS_DATA AS T1 JOIN CAR_NAMES AS T2 ON T1.Id  =  T2.MakeId WHERE T2.Make  =  'amc hornet sportabout (sw)';
93,d72905b9-384b-4789-a795-587e64fa68ff,a5fe9270-fc6b-445a-a014-14a30d711e41,zhengning,1739,SELECT cars_data.accelerate FROM cars_data JOIN car_names ON cars_data.id = car_names.makeid WHERE car_names.make = 'amc hornet sportabout (sw',What is the accelerate of the car make amc hornet sportabout (sw)?,WHERE car_names.make = 'amc hornet sportabout (sw',,DF2,158.943000078201,0,2,SELECT T1.Accelerate FROM CARS_DATA AS T1 JOIN CAR_NAMES AS T2 ON T1.Id  =  T2.MakeId WHERE T2.Make  =  'amc hornet sportabout (sw)';
94,a8b06a13-ac2a-4d1d-b8e8-c7b59be4be1a,a5fe9270-fc6b-445a-a014-14a30d711e41,zhengning,2028,SELECT DISTINCT artist.artist_name FROM artist JOIN song ON artist.artist_name = song.artist_name WHERE artist.country = 'Bangladesh' AND song.rating > 7,What are the names of the different artists from Bangladesh who never received a rating higher than a 7?,"JOIN, WHERE artist.country = 'Bangladesh' AND song.rating > 7",,"A1d, CL1",148.789999961853,1,2,"SELECT DISTINCT artist_name FROM artist WHERE country  =  ""Bangladesh"" EXCEPT SELECT DISTINCT artist_name FROM song WHERE rating  >  7"
95,53234b21-a2d5-46b0-8ddd-28dc4e2c3a0a,a5fe9270-fc6b-445a-a014-14a30d711e41,zhengning,1127,"SELECT hall_of_fame.ballots , COUNT( * ) FROM hall_of_fame GROUP BY hall_of_fame.ballots",Count the number of players who enter hall of fame for each year.,hall_of_fame.ballots,,"CL1, I1, BL3",96.6189999580383,2,2,"SELECT yearid ,  count(*) FROM hall_of_fame GROUP BY yearid;"
96,231a206c-2b94-4e01-b88d-ae505eb01493,a5fe9270-fc6b-445a-a014-14a30d711e41,zhengning,1324,SELECT faculty.room FROM faculty WHERE faculty.rank = 'professor' AND faculty.building = 'NEB',Find the rooms of faculties with rank professor who live in building NEB.,,,D1a,20.8429999351501,3,2,"SELECT Room FROM FACULTY WHERE Rank  =  ""Professor"" AND Building  =  ""NEB"""
97,1796b992-9d97-41c8-843d-166c7bf2b4e7,a5fe9270-fc6b-445a-a014-14a30d711e41,zhengning,1874,"SELECT checking.balance , savings.balance FROM accounts JOIN checking ON accounts.custid = checking.custid WHERE accounts.name = 'Brown’s'",Find the checking balance and saving balance in the Brown’s account.,accounts.custid = checking.custid,,F4,157.19000005722,4,2,"SELECT T2.balance ,  T3.balance FROM accounts AS T1 JOIN checking AS T2 ON T1.custid  =  T2.custid JOIN savings AS T3 ON T1.custid  =  T3.custid WHERE T1.name  =  'Brown'"
98,97e85310-480f-4aa1-97bb-714e4623ab67,a5fe9270-fc6b-445a-a014-14a30d711e41,zhengning,760,"SELECT medicine.name , medicine.trade_name FROM medicine WHERE medicine.fda_approved = 'yes'",What are the names and trade names of the medicines which has 'Yes' value in the FDA record?,,,D1a,22.9349999427795,5,2,"SELECT name ,  trade_name FROM medicine WHERE FDA_approved  =  'Yes'"
99,de632da9-6297-4a6b-8bee-d05dc1b3d1c0,a5fe9270-fc6b-445a-a014-14a30d711e41,zhengning,1267,SELECT project_staff.role_code FROM project_staff WHERE project_staff.staff_id = 1 AND project_staff.date_from = 1 AND project_staff.date_to = 1 AND project_staff.date_from = 1 AND project_staff.date_to = 1,What are the staff roles of the staff who,WHERE project_staff.staff_id = 1 AND project_staff.date_from = 1 AND project_staff.date_to = 1 AND project_staff.date_from = 1 AND project_staff.date_to = 1,,G1,78.2260000705719,6,2,SELECT role_code FROM Project_Staff WHERE date_from  >  '2003-04-19 15:06:20' AND date_to  <  '2016-03-15 00:33:18'
100,ab130d9e-2d90-47f9-a0e1-065a9ab12960,a5fe9270-fc6b-445a-a014-14a30d711e41,zhengning,1160,"SELECT mountain.id , mountain.name FROM mountain JOIN photos ON mountain.id = photos.mountain_id WHERE mountain.height > 'mountains'",What are the id and name of the photos for mountains?,WHERE mountain.height > 'mountains',,"DF2, I1",44.3680000305176,7,2,"SELECT T1.id ,  T1.name FROM mountain AS T1 JOIN photos AS T2 ON T1.id  =  T2.mountain_id WHERE T1.height  >  4000"
101,c670d2e5-b4bc-4cd4-9c2a-10d3ca7a41dc,a5fe9270-fc6b-445a-a014-14a30d711e41,zhengning,1816,"SELECT album.title , album.albumid FROM album JOIN track ON album.albumid = track.albumid WHERE track.unitprice > 1",What are the titles and ids for albums containing tracks with unit price greater than 1?,"album.title , album.albumid",,"BN1, CL1",109.182999849319,8,2,"SELECT T1.Title ,  T2.AlbumID FROM ALBUM AS T1 JOIN TRACK AS T2 ON T1.AlbumId  =  T2.AlbumId WHERE T2.UnitPrice  >  1 GROUP BY T2.AlbumID"
102,48ae488f-e51b-4a17-8ca4-ffd7f42f211a,a5fe9270-fc6b-445a-a014-14a30d711e41,zhengning,1501,SELECT student.lname FROM sportsinfo JOIN student ON sportsinfo.stuid = student.stuid WHERE sportsinfo.onscholarship = 'y',Show last names for all student who are on scholarship.,WHERE sportsinfo.onscholarship = 'y',,D1a,77.228000164032,9,2,SELECT T2.Lname FROM Sportsinfo AS T1 JOIN Student AS T2 ON T1.StuID  =  T2.StuID WHERE T1.onscholarship  =  'Y'
103,164faaad-2950-4f6f-a594-1ad8ebce5b8a,a5fe9270-fc6b-445a-a014-14a30d711e41,zhengning,604,SELECT COUNT( * ) FROM lessons WHERE lessons.lesson_status_code = 'cancelled',How many lessons have been cancelled?,,,D1a,12.9879999160767,10,2,"SELECT count(*) FROM Lessons WHERE lesson_status_code = ""Cancelled"";"
104,058a424f-1823-44b6-a856-7ba80c46ea69,a5fe9270-fc6b-445a-a014-14a30d711e41,zhengning,1612,SELECT addresses.state_province_county FROM addresses JOIN staff ON addresses.address_id = staff.staff_address_id GROUP BY addresses.state_province_county HAVING COUNT( * ) >= 2,What are the names of the states that have 2 to 4 employees living there?,,,"F4, I1",34.3069999217987,11,2,SELECT T1.state_province_county FROM Addresses AS T1 JOIN Staff AS T2 ON T1.address_id = T2.staff_address_id GROUP BY T1.state_province_county HAVING count(*) BETWEEN 2 AND 4;
105,b2fcc1a0-015f-4fd3-8774-c0c4e2f3179a,a5fe9270-fc6b-445a-a014-14a30d711e41,zhengning,1623,SELECT COUNT( * ) FROM customers JOIN lessons ON customers.customer_id = lessons.customer_id WHERE customers.first_name = 'Rylan' AND customers.last_name = 'Goodwin',How many lessons taken by customer with first name as Rylan and last name as Goodwin were completed?,,,"I1, F4",57.297000169754,12,2,"SELECT count(*) FROM Lessons AS T1 JOIN Customers AS T2 ON T1.customer_id  = T2.customer_id WHERE T2.first_name = ""Rylan"" AND T2.last_name = ""Goodwin"" AND T1.lesson_status_code = ""Completed"";"
106,e075df0f-e37d-474b-ad07-4335abae78a6,a581d142-18ce-4aa8-bf5a-bd8f738f9428,toby,2028,SELECT DISTINCT artist.artist_name FROM artist JOIN song ON artist.artist_name = song.artist_name WHERE artist.country = 'Bangladesh' AND song.rating > 7,What are the names of the different artists from Bangladesh who never received a rating higher than a 7?,"JOIN, song, ON",,"I1, A1d, A1b, BE5",89.8429999351501,1,2,"SELECT DISTINCT artist_name FROM artist WHERE country  =  ""Bangladesh"" EXCEPT SELECT DISTINCT artist_name FROM song WHERE rating  >  7"
107,1ba3305d-7826-456e-b9e4-7d1d54e36155,a581d142-18ce-4aa8-bf5a-bd8f738f9428,toby,1127,"SELECT hall_of_fame.ballots , COUNT( * ) FROM hall_of_fame GROUP BY hall_of_fame.ballots",Count the number of players who enter hall of fame for each year.,"hall_of_fame.ballots, hall_of_fame.ballots , COUNT( * )",,"BL1, BL3, BN1",1530.97399997711,2,2,"SELECT yearid ,  count(*) FROM hall_of_fame GROUP BY yearid;"
108,c5959c78-ea57-4c63-8e45-c165a2730efc,a581d142-18ce-4aa8-bf5a-bd8f738f9428,toby,1324,SELECT faculty.room FROM faculty WHERE faculty.rank = 'professor' AND faculty.building = 'NEB',Find the rooms of faculties with rank professor who live in building NEB.,WHERE faculty.rank = 'professor' AND faculty.building = 'NEB',,D1a,67.2310001850128,3,2,"SELECT Room FROM FACULTY WHERE Rank  =  ""Professor"" AND Building  =  ""NEB"""
109,d91920ad-106a-40fd-b6d6-017a76f28b3f,a581d142-18ce-4aa8-bf5a-bd8f738f9428,toby,1874,"SELECT checking.balance , savings.balance FROM accounts JOIN checking ON accounts.custid = checking.custid WHERE accounts.name = 'Brown’s'",Find the checking balance and saving balance in the Brown’s account.,WHERE accounts.name = 'Brown’s',,D1c,21.739000082016,4,2,"SELECT T2.balance ,  T3.balance FROM accounts AS T1 JOIN checking AS T2 ON T1.custid  =  T2.custid JOIN savings AS T3 ON T1.custid  =  T3.custid WHERE T1.name  =  'Brown'"
110,a27dfbf2-3da1-45f6-8c88-90ff348e2ecd,a581d142-18ce-4aa8-bf5a-bd8f738f9428,toby,760,"SELECT medicine.name , medicine.trade_name FROM medicine WHERE medicine.fda_approved = 'yes'",What are the names and trade names of the medicines which has 'Yes' value in the FDA record?,,,D1a,11.0629999637604,5,2,"SELECT name ,  trade_name FROM medicine WHERE FDA_approved  =  'Yes'"
111,b96eb3be-c7c2-43ae-a2d1-5663723640bb,a581d142-18ce-4aa8-bf5a-bd8f738f9428,toby,1267,SELECT project_staff.role_code FROM project_staff WHERE project_staff.staff_id = 1 AND project_staff.date_from = 1 AND project_staff.date_to = 1 AND project_staff.date_from = 1 AND project_staff.date_to = 1,What are the staff roles of the staff who,WHERE project_staff.staff_id = 1 AND project_staff.date_from = 1 AND project_staff.date_to = 1 AND project_staff.date_from = 1 AND project_staff.date_to = 1,,"G1, I2, A1",50.7840001583099,6,2,SELECT role_code FROM Project_Staff WHERE date_from  >  '2003-04-19 15:06:20' AND date_to  <  '2016-03-15 00:33:18'
112,7c801572-7a74-404b-b04e-40f7fdf6cff5,a581d142-18ce-4aa8-bf5a-bd8f738f9428,toby,1160,"SELECT mountain.id , mountain.name FROM mountain JOIN photos ON mountain.id = photos.mountain_id WHERE mountain.height > 'mountains'",What are the id and name of the photos for mountains?,WHERE mountain.height > 'mountains',,"D1, G1",34.1579999923706,7,2,"SELECT T1.id ,  T1.name FROM mountain AS T1 JOIN photos AS T2 ON T1.id  =  T2.mountain_id WHERE T1.height  >  4000"
113,2d9b418f-125f-47aa-8bf8-763f64069349,a581d142-18ce-4aa8-bf5a-bd8f738f9428,toby,1816,"SELECT album.title , album.albumid FROM album JOIN track ON album.albumid = track.albumid WHERE track.unitprice > 1",What are the titles and ids for albums containing tracks with unit price greater than 1?,,* missing a GROUP BY keyword in the SQL query,A1,687.026999950409,8,2,"SELECT T1.Title ,  T2.AlbumID FROM ALBUM AS T1 JOIN TRACK AS T2 ON T1.AlbumId  =  T2.AlbumId WHERE T2.UnitPrice  >  1 GROUP BY T2.AlbumID"
114,e5d36002-bc6a-498c-9fc6-b9eacf170187,a581d142-18ce-4aa8-bf5a-bd8f738f9428,toby,1501,SELECT student.lname FROM sportsinfo JOIN student ON sportsinfo.stuid = student.stuid WHERE sportsinfo.onscholarship = 'y',Show last names for all student who are on scholarship.,WHERE sportsinfo.onscholarship = 'y',,D1a,19.239000082016,9,2,SELECT T2.Lname FROM Sportsinfo AS T1 JOIN Student AS T2 ON T1.StuID  =  T2.StuID WHERE T1.onscholarship  =  'Y'
115,6b45a4a6-3c95-4206-801d-a68230a03f4d,a581d142-18ce-4aa8-bf5a-bd8f738f9428,toby,604,SELECT COUNT( * ) FROM lessons WHERE lessons.lesson_status_code = 'cancelled',How many lessons have been cancelled?,WHERE lessons.lesson_status_code = 'cancelled',,D1a,22.5810000896454,10,2,"SELECT count(*) FROM Lessons WHERE lesson_status_code = ""Cancelled"";"
116,f6fc39b7-6389-4a95-9c33-61658e4b79a3,a581d142-18ce-4aa8-bf5a-bd8f738f9428,toby,1612,SELECT addresses.state_province_county FROM addresses JOIN staff ON addresses.address_id = staff.staff_address_id GROUP BY addresses.state_province_county HAVING COUNT( * ) >= 2,What are the names of the states that have 2 to 4 employees living there?,COUNT( * ) >= 2,,"F1, D1",23.8949999809265,11,2,SELECT T1.state_province_county FROM Addresses AS T1 JOIN Staff AS T2 ON T1.address_id = T2.staff_address_id GROUP BY T1.state_province_county HAVING count(*) BETWEEN 2 AND 4;
117,b757a538-ff97-4aff-be00-ec051487b1aa,a581d142-18ce-4aa8-bf5a-bd8f738f9428,toby,1623,SELECT COUNT( * ) FROM customers JOIN lessons ON customers.customer_id = lessons.customer_id WHERE customers.first_name = 'Rylan' AND customers.last_name = 'Goodwin',How many lessons taken by customer with first name as Rylan and last name as Goodwin were completed?,WHERE customers.first_name = 'Rylan' AND customers.last_name = 'Goodwin',,F4,29.319000005722,12,2,"SELECT count(*) FROM Lessons AS T1 JOIN Customers AS T2 ON T1.customer_id  = T2.customer_id WHERE T2.first_name = ""Rylan"" AND T2.last_name = ""Goodwin"" AND T1.lesson_status_code = ""Completed"";"
118,04c9bec2-e35d-48be-b13e-d8bafdcb94d4,a581d142-18ce-4aa8-bf5a-bd8f738f9428,toby,1745,"SELECT car_makers.maker , model_list.model FROM car_makers JOIN model_list ON car_makers.id = model_list.maker",What are all the makers and models?,"JOIN, model_list, ON, car_makers.id = model_list.maker",,E1,32.1600000858307,13,2,"SELECT Maker ,  Model FROM MODEL_LIST;"
119,b17342bc-c4fc-42e1-8f2a-8c4232d74489,a581d142-18ce-4aa8-bf5a-bd8f738f9428,toby,2013,"SELECT COUNT( * ) , artist.artist_name FROM artist JOIN song ON artist.artist_name = song.artist_name WHERE song.languages = 'English' GROUP BY artist.artist_name",Find the names and number of works of all artists who have at least one English songs.,WHERE song.languages = 'English' ,missing a HAVING keyword,"D1a, A1",102.108000040054,14,2,"SELECT T1.artist_name ,  count(*) FROM artist AS T1 JOIN song AS T2 ON T1.artist_name  =  T2.artist_name WHERE T2.languages  =  ""english"" GROUP BY T2.artist_name HAVING count(*)  >=  1"
120,a3f8f7eb-292c-4423-a3b6-c0b185710f1b,a581d142-18ce-4aa8-bf5a-bd8f738f9428,toby,2002,SELECT song.f_id FROM files WHERE files.formats = 'mp4' OR song.resolution > 720,What are the ids of all songs that are available on mp4 or have a higher resolution than 720?,,,"CM4, A1e",46.8320000171661,15,2,"SELECT f_id FROM files WHERE formats  =  ""mp4"" UNION SELECT f_id FROM song WHERE resolution  >  720"
121,33f1ab58-a54b-4e87-8639-22a88f3c7ee8,a581d142-18ce-4aa8-bf5a-bd8f738f9428,toby,2016,"SELECT DISTINCT artist.artist_name , artist.country FROM artist JOIN song ON artist.artist_name = song.artist_name WHERE song.resolution > 900",What is the name and country of origin for each artist who has released a song with a resolution higher than 900?,,missing a GROUP BY keyword,F4,178.342000007629,16,2,"SELECT T1.artist_name ,  T1.country FROM artist AS T1 JOIN song AS T2 ON T1.artist_name  =  T2.artist_name WHERE T2.resolution  >  900 GROUP BY T2.artist_name HAVING count(*)  >=  1"
122,4d74ec41-7b27-4694-8f7d-7401c272bdf2,a581d142-18ce-4aa8-bf5a-bd8f738f9428,toby,2339,SELECT lessons.lesson_id FROM lessons JOIN staff ON lessons.staff_id = staff.staff_id WHERE staff.nickname LIKE '%s%',What are the the lesson ids of all staff taught by Janessa Sawayn whose nickname has the letter s?,,,F4,29.8199999332428,17,2,"SELECT T1.lesson_id FROM Lessons AS T1 JOIN Staff AS T2 ON T1.staff_id = T2.staff_id WHERE T2.first_name = ""Janessa"" AND T2.last_name = ""Sawayn"" AND nickname LIKE ""%s%"";"
123,41e13672-5089-49da-bbf8-f826e53d5bd9,a581d142-18ce-4aa8-bf5a-bd8f738f9428,toby,733,SELECT AVG( track.unitprice ) FROM genre JOIN track ON genre.genreid = track.genreid WHERE genre.name = 'jazz',Find the average unit price of jazz tracks.,WHERE genre.name = 'jazz',,D1a,90.7260000705719,18,2,"SELECT AVG(UnitPrice) FROM GENRE AS T1 JOIN TRACK AS T2 ON T1.GenreId  =  T2.GenreId WHERE T1.Name  =  ""Jazz"""
124,596bf4c5-0e1b-47e1-9d7f-24e405a88454,a581d142-18ce-4aa8-bf5a-bd8f738f9428,toby,1963,SELECT AVG( customer.credit_score ) FROM customer JOIN loan ON customer.cust_id = loan.cust_id,Find the average credit score of the customers who have some loan.,"JOIN, loan, ON, customer.cust_id = loan.cust_id",,I1,119.963000059128,19,2,SELECT avg(credit_score) FROM customer WHERE cust_id IN (SELECT cust_id FROM loan)
125,98bfd956-a653-4478-8b4a-a106750979c2,a581d142-18ce-4aa8-bf5a-bd8f738f9428,toby,1624,SELECT COUNT( * ) FROM customers JOIN lessons ON customers.customer_id = lessons.customer_id WHERE customers.first_name = 'Ryan' AND customers.last_name = 'Goodwin',How many lessons did the customer Ryan Goodwin complete?,,,F4,16.1349999904633,20,2,"SELECT count(*) FROM Lessons AS T1 JOIN Customers AS T2 ON T1.customer_id  = T2.customer_id WHERE T2.first_name = ""Rylan"" AND T2.last_name = ""Goodwin"" AND T1.lesson_status_code = ""Completed"";"
126,49100ac5-75d9-40d4-9046-f892f0d2d59e,a581d142-18ce-4aa8-bf5a-bd8f738f9428,toby,2186,SELECT AVG( gradeconversion.gradepoint ) FROM student WHERE student.lname = 'Smith',Find the average grade point of student whose last name is Smith.,,,"CM4, CE2",34.8669998645782,21,2,"SELECT avg(T2.gradepoint) FROM ENROLLED_IN AS T1 JOIN GRADECONVERSION AS T2 JOIN STUDENT AS T3 ON T1.Grade  =  T2.lettergrade AND T1.StuID  =  T3.StuID WHERE T3.LName  =  ""Smith"""
127,a2871aae-69dc-40c2-8ee8-7026906804ff,a581d142-18ce-4aa8-bf5a-bd8f738f9428,toby,2027,SELECT artist.artist_name FROM artist JOIN song ON artist.artist_name = song.artist_name WHERE artist.country = 'Bangladesh' AND song.rating > 7,Find the names of the artists who are from Bangladesh and have never received rating higher than 7.,,,A1b,54.7940001487732,22,2,"SELECT DISTINCT artist_name FROM artist WHERE country  =  ""Bangladesh"" EXCEPT SELECT DISTINCT artist_name FROM song WHERE rating  >  7"
128,071491a5-fec6-47ec-a2ae-0714911341b0,a581d142-18ce-4aa8-bf5a-bd8f738f9428,toby,1141,SELECT COUNT( * ) FROM postseason WHERE postseason.losses = 1885 AND postseason.ties = 1,"Find the number of tied games (the value of ""ties"" is '1') in 1885 postseason.",WHERE postseason.losses = 1885 AND postseason.ties = 1,,BF4,24.7449998855591,23,2,SELECT count(*) FROM postseason WHERE YEAR  =  1885 AND ties  =  1;
129,0a5f8a10-a7f8-49d4-82f7-6aad1b25c933,a581d142-18ce-4aa8-bf5a-bd8f738f9428,toby,1876,"SELECT accounts.name FROM accounts, checking, savings WHERE accounts.name = (SELECT accounts.name , checking.balance , savings.balance , SUM( savings.balance ) FROM accounts JOIN checking ON accounts.custid = checking.custid JOIN savings ON checking.balance = savings.custid)","Find the name, checking balance and savings balance of all accounts in the bank sorted by their total checking and savings balance in descending order.",,,"CL1, BL3, KA1b, CE2",47.6300001144409,24,2,"SELECT T2.balance ,  T3.balance ,  T1.name FROM accounts AS T1 JOIN checking AS T2 ON T1.custid  =  T2.custid JOIN savings AS T3 ON T1.custid  =  T3.custid ORDER BY T2.balance + T3.balance DESC"
130,5c5874be-8cbb-40e5-abbf-daefd2b23233,a581d142-18ce-4aa8-bf5a-bd8f738f9428,toby,2010,"SELECT MAX( files.duration ) , AVG( song.resolution ) FROM files JOIN song ON files.f_id = song.f_id ORDER BY song.languages ASC","What are the maximum duration and resolution of all songs, for each language, ordered alphabetically by language?",,"Using wrong aggregate functions (AVG, MAX, MIN etc)",A1,62.3840000629425,25,2,"SELECT max(T1.duration) ,  max(T2.resolution) ,  T2.languages FROM files AS T1 JOIN song AS T2 ON T1.f_id  =  T2.f_id GROUP BY T2.languages ORDER BY T2.languages"
131,95b78231-4092-4664-9623-e91df00b5442,a581d142-18ce-4aa8-bf5a-bd8f738f9428,toby,1903,SELECT COUNT( * ) FROM participants JOIN participants_in_events ON participants.participant_id = participants_in_events.participant_id WHERE participants.participant_details LIKE '%Dr%',How many events had participants whose details had the substring 'Dr.',WHERE participants.participant_details LIKE '%Dr%',,D1c,40.6110000610352,26,2,SELECT count(*) FROM participants AS T1 JOIN Participants_in_Events AS T2 ON T1.Participant_ID  =  T2.Participant_ID WHERE T1.participant_details LIKE '%Dr.%'
132,bb765fe2-823d-4ca4-ac89-ca1a45c1d513,a581d142-18ce-4aa8-bf5a-bd8f738f9428,toby,46,SELECT COUNT( * ) FROM medicine WHERE medicine.fda_approved = 'no',How many medicines were not approved by the FDA?,WHERE medicine.fda_approved = 'no',,D1a,7.58200001716614,27,2,SELECT count(*) FROM medicine WHERE FDA_approved  =  'No'
133,e0a96398-84c0-412d-8581-1bf9078d8ca5,a581d142-18ce-4aa8-bf5a-bd8f738f9428,toby,2118,"SELECT DISTINCT student.fname , student.lname FROM student JOIN member_of_club ON student.stuid = member_of_club.stuid JOIN club ON club.clubid = member_of_club.clubid WHERE club.clubname = 'Bootup Baltimore' AND student.sex = 'f'","Give me the first name and last name for all the female members of the club ""Bootup Baltimore"".",,,"D1a, E1",53.2909998893738,28,2,"SELECT t3.fname ,  t3.lname FROM club AS t1 JOIN member_of_club AS t2 ON t1.clubid  =  t2.clubid JOIN student AS t3 ON t2.stuid  =  t3.stuid WHERE t1.clubname  =  ""Bootup Baltimore"" AND t3.sex  =  ""F"""
134,9009e34d-5bbd-470e-a343-9d6e54113213,a581d142-18ce-4aa8-bf5a-bd8f738f9428,toby,2123,"SELECT DISTINCT student.fname , student.lname FROM club JOIN member_of_club ON club.clubid = member_of_club.clubid JOIN student ON student.stuid = member_of_club.stuid WHERE club.clubname = 'Bootup Baltimore' AND member_of_club.position = 'president'","What are the first and last name of the president of the club ""Bootup Baltimore""?",,,"D1a, E1",38.2699999809265,29,2,"SELECT t3.fname ,  t3.lname FROM club AS t1 JOIN member_of_club AS t2 ON t1.clubid  =  t2.clubid JOIN student AS t3 ON t2.stuid  =  t3.stuid WHERE t1.clubname  =  ""Bootup Baltimore"" AND t2.position  =  ""President"""
135,ea2ceae2-9e77-45c1-8115-f47cbfb5ce89,a581d142-18ce-4aa8-bf5a-bd8f738f9428,toby,1712,"SELECT AVG( singer.age ) , MIN( singer.age ) , MAX( singer.age ) FROM singer WHERE singer.country = 'French'","What is the average, minimum, and maximum age for all French singers?",,,D1c,9.82500004768372,30,2,"SELECT avg(age) ,  min(age) ,  max(age) FROM singer WHERE country  =  'France'"
136,870d1e70-3d0b-48cc-ba58-dcb094b885fa,a581d142-18ce-4aa8-bf5a-bd8f738f9428,toby,1561,"SELECT ref_document_types.document_type_name , COUNT( * ) FROM documents JOIN ref_document_types ON documents.document_type_code = ref_document_types.document_type_code GROUP BY documents.document_type_code",How many documents are there of each type?,,,"CL1, E1",32.8919999599457,31,2,"SELECT document_type_code ,  count(*) FROM Documents GROUP BY document_type_code"
137,07cedefd-7a2b-403f-8233-c87989c62408,a581d142-18ce-4aa8-bf5a-bd8f738f9428,toby,2077,SELECT procedures.name FROM procedures JOIN trained_in ON procedures.code = trained_in.treatment JOIN physician ON trained_in.physician = physician.employeeid WHERE physician.name = 'John Wen' AND procedures.cost<5000,Find the names of all procedures such that the cost is less than 5000 and physician John Wen was trained in.,,,"E1, I1",99.7229998111725,32,2,"SELECT name FROM procedures WHERE cost  <  5000 INTERSECT SELECT T3.name FROM physician AS T1 JOIN trained_in AS T2 ON T1.employeeid  =  T2.physician JOIN procedures AS T3 ON T3.code  =  T2.treatment WHERE T1.name  =  ""John Wen"""
138,bf9c8226-6662-4efd-a236-fe7c76a2ec3a,a581d142-18ce-4aa8-bf5a-bd8f738f9428,toby,2076,SELECT procedures.name FROM procedures JOIN trained_in ON procedures.code = trained_in.treatment JOIN physician ON trained_in.physician = physician.employeeid JOIN procedures ON procedures.code = trained_in.treatment JOIN physician ON physician.employeeid = trained_in.physician WHERE physician.name != 'John Wen' AND procedures.cost > 1000,"Among the procedures that cost more than 1000, which were not specialized in by physician John Wen?",,,"E1, I1",12.6059999465942,33,2,"SELECT name FROM procedures WHERE cost  >  1000 EXCEPT SELECT T3.name FROM physician AS T1 JOIN trained_in AS T2 ON T1.employeeid  =  T2.physician JOIN procedures AS T3 ON T3.code  =  T2.treatment WHERE T1.name  =  ""John Wen"""
139,6eb7dda3-37eb-444d-98ef-45df825a0556,a581d142-18ce-4aa8-bf5a-bd8f738f9428,toby,1956,SELECT customer.cust_name FROM customer EXCEPT SELECT customer.cust_name FROM customer JOIN loan ON customer.cust_id = loan.cust_id WHERE loan.loan_type = 'Mortage',What are the names of customers who have not taken a Mortage loan?,,,D1b,19.6289999485016,34,2,SELECT cust_name FROM customer EXCEPT SELECT T1.cust_name FROM customer AS T1 JOIN loan AS T2 ON T1.cust_id  =  T2.cust_id WHERE T2.loan_type  =  'Mortgages'
140,4c4e3d0d-0b29-403f-8fce-2de3756ba427,a581d142-18ce-4aa8-bf5a-bd8f738f9428,toby,2059,SELECT physician.name FROM prescribes JOIN medication ON prescribes.medication = medication.code JOIN prescribes ON physician.employeeid = prescribes.physician WHERE medication.name = 'Thesisin',What is the names of the physicians who prescribe medication Thesisin?,,,CM4,43.1219999790192,35,2,"SELECT DISTINCT T1.name FROM physician AS T1 JOIN prescribes AS T2 ON T1.employeeid = T2.physician JOIN medication AS T3 ON T3.code = T2.medication WHERE T3.name  =  ""Thesisin"""
141,6d6a892f-0a6a-4f61-a99b-f01489c0947f,a581d142-18ce-4aa8-bf5a-bd8f738f9428,toby,1783,"SELECT DISTINCT tv_channel.series_name , tv_channel.content FROM tv_channel",List the number of different series names and contents in the TV Channel table.,,,A1b,18.643000125885,36,2,"SELECT count(DISTINCT series_name) ,  count(DISTINCT content) FROM TV_Channel;"
142,72266e8f-64e1-4433-a92b-c6de66a81da1,a581d142-18ce-4aa8-bf5a-bd8f738f9428,toby,597,SELECT COUNT( * ) FROM addresses JOIN staff ON addresses.address_id = staff.staff_address_id WHERE addresses.state_province_county = 'Georgia',How many staff live in state Georgia?,,,E1,29.1219999790192,37,2,"SELECT count(*) FROM Addresses WHERE state_province_county = ""Georgia"";"
143,ed965dc8-730b-43b8-b0d9-2b191b08356c,a581d142-18ce-4aa8-bf5a-bd8f738f9428,toby,513,SELECT video_games.gname FROM video_games WHERE video_games.gtype = 'collectible cards',What are the names of all video games that are collectible cards?,,,"D1a, D1c",17.944000005722,38,2,"SELECT gname FROM Video_games WHERE gtype  =  ""Collectible card game"""
144,c9271dcb-a754-45ec-a65d-397a3d24027c,a581d142-18ce-4aa8-bf5a-bd8f738f9428,toby,530,SELECT sportsinfo.stuid FROM sportsinfo WHERE sportsinfo.onscholarship = 'y',List ids for all student who are on scholarship.,,,D1a,4.90900015830994,39,2,SELECT StuID FROM Sportsinfo WHERE onscholarship  =  'Y'
145,1ac24aae-87ba-4ad8-bd62-2c03a22c39a2,46a037a8-0788-4954-8298-afd71dd6ec97,zhengning,2016,"SELECT DISTINCT artist.artist_name , artist.country FROM artist JOIN song ON artist.artist_name = song.artist_name WHERE song.resolution > 900",What is the name and country of origin for each artist who has released a song with a resolution higher than 900?,"DISTINCT, WHERE song.resolution > 900",,"F4, I1",134.743000030518,16,2,"SELECT T1.artist_name ,  T1.country FROM artist AS T1 JOIN song AS T2 ON T1.artist_name  =  T2.artist_name WHERE T2.resolution  >  900 GROUP BY T2.artist_name HAVING count(*)  >=  1"
146,0a84c018-5fa0-45d0-9f3a-d0f38cae1498,46a037a8-0788-4954-8298-afd71dd6ec97,zhengning,2339,SELECT lessons.lesson_id FROM lessons JOIN staff ON lessons.staff_id = staff.staff_id WHERE staff.nickname LIKE '%s%',What are the the lesson ids of all staff taught by Janessa Sawayn whose nickname has the letter s?,WHERE staff.nickname LIKE '%s%',,"F4, I1",56.0899999141693,17,2,"SELECT T1.lesson_id FROM Lessons AS T1 JOIN Staff AS T2 ON T1.staff_id = T2.staff_id WHERE T2.first_name = ""Janessa"" AND T2.last_name = ""Sawayn"" AND nickname LIKE ""%s%"";"
147,3a816eef-ae79-43fa-bfe8-cd3cfa89f32d,46a037a8-0788-4954-8298-afd71dd6ec97,zhengning,733,SELECT AVG( track.unitprice ) FROM genre JOIN track ON genre.genreid = track.genreid WHERE genre.name = 'jazz',Find the average unit price of jazz tracks.,,,D1a,15.5280001163483,18,2,"SELECT AVG(UnitPrice) FROM GENRE AS T1 JOIN TRACK AS T2 ON T1.GenreId  =  T2.GenreId WHERE T1.Name  =  ""Jazz"""
148,8c7fa3e0-5fcc-40c5-8700-075a6c0eeb94,46a037a8-0788-4954-8298-afd71dd6ec97,zhengning,1963,SELECT AVG( customer.credit_score ) FROM customer JOIN loan ON customer.cust_id = loan.cust_id,Find the average credit score of the customers who have some loan.,customer.cust_id = loan.cust_id,,"I2, L4",262.513000011444,19,2,SELECT avg(credit_score) FROM customer WHERE cust_id IN (SELECT cust_id FROM loan)
149,4a01d403-1a05-46a0-8f59-58e7909659ae,46a037a8-0788-4954-8298-afd71dd6ec97,zhengning,1624,SELECT COUNT( * ) FROM customers JOIN lessons ON customers.customer_id = lessons.customer_id WHERE customers.first_name = 'Ryan' AND customers.last_name = 'Goodwin',How many lessons did the customer Ryan Goodwin complete?,WHERE customers.first_name = 'Ryan' AND customers.last_name = 'Goodwin',,"F4, I1",170.34500002861,20,2,"SELECT count(*) FROM Lessons AS T1 JOIN Customers AS T2 ON T1.customer_id  = T2.customer_id WHERE T2.first_name = ""Rylan"" AND T2.last_name = ""Goodwin"" AND T1.lesson_status_code = ""Completed"";"
150,7a41a381-eef2-428f-9812-ae7ac856681a,46a037a8-0788-4954-8298-afd71dd6ec97,zhengning,2186,SELECT AVG( gradeconversion.gradepoint ) FROM student WHERE student.lname = 'Smith',Find the average grade point of student whose last name is Smith.,"WHERE student.lname = 'Smith', student",,"F4, CE2",144.911000013351,21,2,"SELECT avg(T2.gradepoint) FROM ENROLLED_IN AS T1 JOIN GRADECONVERSION AS T2 JOIN STUDENT AS T3 ON T1.Grade  =  T2.lettergrade AND T1.StuID  =  T3.StuID WHERE T3.LName  =  ""Smith"""
151,523d5b3b-83e6-4092-99b4-125cc8c196f4,46a037a8-0788-4954-8298-afd71dd6ec97,zhengning,2027,SELECT artist.artist_name FROM artist JOIN song ON artist.artist_name = song.artist_name WHERE artist.country = 'Bangladesh' AND song.rating > 7,Find the names of the artists who are from Bangladesh and have never received rating higher than 7.,,,"A1b, I1, A1d",76.6800000667572,22,2,"SELECT DISTINCT artist_name FROM artist WHERE country  =  ""Bangladesh"" EXCEPT SELECT DISTINCT artist_name FROM song WHERE rating  >  7"
152,8fbb522e-5175-4d60-bf46-33530133f2f5,46a037a8-0788-4954-8298-afd71dd6ec97,zhengning,1141,SELECT COUNT( * ) FROM postseason WHERE postseason.losses = 1885 AND postseason.ties = 1,"Find the number of tied games (the value of ""ties"" is '1') in 1885 postseason.",,,"BF4, I1",142.18799996376,23,2,SELECT count(*) FROM postseason WHERE YEAR  =  1885 AND ties  =  1;
153,b2fd1e91-8b44-4c19-b2a5-4509a7a056a6,46a037a8-0788-4954-8298-afd71dd6ec97,zhengning,1876,"SELECT accounts.name FROM accounts, checking, savings WHERE accounts.name = (SELECT accounts.name , checking.balance , savings.balance , SUM( savings.balance ) FROM accounts JOIN checking ON accounts.custid = checking.custid JOIN savings ON checking.balance = savings.custid)","Find the name, checking balance and savings balance of all accounts in the bank sorted by their total checking and savings balance in descending order.","WHERE accounts.name = (SELECT accounts.name , checking.balance , savings.balance , SUM( savings.balance ) FROM accounts JOIN checking ON accounts.custid = checking.custid JOIN savings ON checking.balance = savings.custid)",,"L4, K2, KA1b, BL3",114.078000068665,24,2,"SELECT T2.balance ,  T3.balance ,  T1.name FROM accounts AS T1 JOIN checking AS T2 ON T1.custid  =  T2.custid JOIN savings AS T3 ON T1.custid  =  T3.custid ORDER BY T2.balance + T3.balance DESC"
154,87d2f362-1d77-4d0f-bd8a-203601bcadc3,46a037a8-0788-4954-8298-afd71dd6ec97,zhengning,2010,"SELECT MAX( files.duration ) , AVG( song.resolution ) FROM files JOIN song ON files.f_id = song.f_id ORDER BY song.languages ASC","What are the maximum duration and resolution of all songs, for each language, ordered alphabetically by language?",,,BL3,52.5709998607635,25,2,"SELECT max(T1.duration) ,  max(T2.resolution) ,  T2.languages FROM files AS T1 JOIN song AS T2 ON T1.f_id  =  T2.f_id GROUP BY T2.languages ORDER BY T2.languages"
155,ddfb8cce-e26a-4e19-a495-497d0bb2bbe8,46a037a8-0788-4954-8298-afd71dd6ec97,zhengning,1903,SELECT COUNT( * ) FROM participants JOIN participants_in_events ON participants.participant_id = participants_in_events.participant_id WHERE participants.participant_details LIKE '%Dr%',How many events had participants whose details had the substring 'Dr.',WHERE participants.participant_details LIKE '%Dr%',,DF2,60.675999879837,26,2,SELECT count(*) FROM participants AS T1 JOIN Participants_in_Events AS T2 ON T1.Participant_ID  =  T2.Participant_ID WHERE T1.participant_details LIKE '%Dr.%'
156,575dda56-0441-4f7b-ad28-9d4780b2ffcd,46a037a8-0788-4954-8298-afd71dd6ec97,zhengning,46,SELECT COUNT( * ) FROM medicine WHERE medicine.fda_approved = 'no',How many medicines were not approved by the FDA?,,,D1a,7.79499983787537,27,2,SELECT count(*) FROM medicine WHERE FDA_approved  =  'No'
157,0e250900-c5e7-4cc6-95df-3fd88cac6d8e,46a037a8-0788-4954-8298-afd71dd6ec97,zhengning,2118,"SELECT DISTINCT student.fname , student.lname FROM student JOIN member_of_club ON student.stuid = member_of_club.stuid JOIN club ON club.clubid = member_of_club.clubid WHERE club.clubname = 'Bootup Baltimore' AND student.sex = 'f'","Give me the first name and last name for all the female members of the club ""Bootup Baltimore"".",WHERE club.clubname = 'Bootup Baltimore' AND student.sex = 'f',,D1a,90.5030000209808,28,2,"SELECT t3.fname ,  t3.lname FROM club AS t1 JOIN member_of_club AS t2 ON t1.clubid  =  t2.clubid JOIN student AS t3 ON t2.stuid  =  t3.stuid WHERE t1.clubname  =  ""Bootup Baltimore"" AND t3.sex  =  ""F"""
158,0d46d200-13c8-4f8a-89c5-adbf89f09b06,46a037a8-0788-4954-8298-afd71dd6ec97,zhengning,2123,"SELECT DISTINCT student.fname , student.lname FROM club JOIN member_of_club ON club.clubid = member_of_club.clubid JOIN student ON student.stuid = member_of_club.stuid WHERE club.clubname = 'Bootup Baltimore' AND member_of_club.position = 'president'","What are the first and last name of the president of the club ""Bootup Baltimore""?",,,D1a,6.77600002288818,29,2,"SELECT t3.fname ,  t3.lname FROM club AS t1 JOIN member_of_club AS t2 ON t1.clubid  =  t2.clubid JOIN student AS t3 ON t2.stuid  =  t3.stuid WHERE t1.clubname  =  ""Bootup Baltimore"" AND t2.position  =  ""President"""
159,059dfd2f-d3c5-481f-9cc7-913703b5dd26,46a037a8-0788-4954-8298-afd71dd6ec97,zhengning,1712,"SELECT AVG( singer.age ) , MIN( singer.age ) , MAX( singer.age ) FROM singer WHERE singer.country = 'French'","What is the average, minimum, and maximum age for all French singers?",,,DF2,16.7660000324249,30,2,"SELECT avg(age) ,  min(age) ,  max(age) FROM singer WHERE country  =  'France'"
160,ba376d36-0f6a-4e43-a750-b8ccfe75339a,46a037a8-0788-4954-8298-afd71dd6ec97,zhengning,1561,"SELECT ref_document_types.document_type_name , COUNT( * ) FROM documents JOIN ref_document_types ON documents.document_type_code = ref_document_types.document_type_code GROUP BY documents.document_type_code",How many documents are there of each type?,,,"BL3, F3",58.7579998970032,31,2,"SELECT document_type_code ,  count(*) FROM Documents GROUP BY document_type_code"
161,47c8fa18-750e-48ce-b581-38a65b15d6f6,46a037a8-0788-4954-8298-afd71dd6ec97,zhengning,2077,SELECT procedures.name FROM procedures JOIN trained_in ON procedures.code = trained_in.treatment JOIN physician ON trained_in.physician = physician.employeeid WHERE physician.name = 'John Wen' AND procedures.cost<5000,Find the names of all procedures such that the cost is less than 5000 and physician John Wen was trained in.,"WHERE physician.name = 'John Wen' AND procedures.cost<5000, JOIN",,CE3,362.801000118256,32,2,"SELECT name FROM procedures WHERE cost  <  5000 INTERSECT SELECT T3.name FROM physician AS T1 JOIN trained_in AS T2 ON T1.employeeid  =  T2.physician JOIN procedures AS T3 ON T3.code  =  T2.treatment WHERE T1.name  =  ""John Wen"""
162,47d8c436-e269-4552-a580-82454ddbfedb,46a037a8-0788-4954-8298-afd71dd6ec97,zhengning,2076,SELECT procedures.name FROM procedures JOIN trained_in ON procedures.code = trained_in.treatment JOIN physician ON trained_in.physician = physician.employeeid JOIN procedures ON procedures.code = trained_in.treatment JOIN physician ON physician.employeeid = trained_in.physician WHERE physician.name != 'John Wen' AND procedures.cost > 1000,"Among the procedures that cost more than 1000, which were not specialized in by physician John Wen?",,,"F3, A1d, I2",39.6440000534058,33,2,"SELECT name FROM procedures WHERE cost  >  1000 EXCEPT SELECT T3.name FROM physician AS T1 JOIN trained_in AS T2 ON T1.employeeid  =  T2.physician JOIN procedures AS T3 ON T3.code  =  T2.treatment WHERE T1.name  =  ""John Wen"""
163,3463bd5c-1db6-4baf-a9f4-ae10bf86a80c,46a037a8-0788-4954-8298-afd71dd6ec97,zhengning,1956,SELECT customer.cust_name FROM customer EXCEPT SELECT customer.cust_name FROM customer JOIN loan ON customer.cust_id = loan.cust_id WHERE loan.loan_type = 'Mortage',What are the names of customers who have not taken a Mortage loan?,WHERE loan.loan_type = 'Mortage',,D1b,14.1619999408722,34,2,SELECT cust_name FROM customer EXCEPT SELECT T1.cust_name FROM customer AS T1 JOIN loan AS T2 ON T1.cust_id  =  T2.cust_id WHERE T2.loan_type  =  'Mortgages'
164,3e8f6d6f-1f7b-4127-8497-09f7b8329692,46a037a8-0788-4954-8298-afd71dd6ec97,zhengning,2059,SELECT physician.name FROM prescribes JOIN medication ON prescribes.medication = medication.code JOIN prescribes ON physician.employeeid = prescribes.physician WHERE medication.name = 'Thesisin',What is the names of the physicians who prescribe medication Thesisin?,,,CL1,41.1059999465942,35,2,"SELECT DISTINCT T1.name FROM physician AS T1 JOIN prescribes AS T2 ON T1.employeeid = T2.physician JOIN medication AS T3 ON T3.code = T2.medication WHERE T3.name  =  ""Thesisin"""
165,eac17279-fd7d-4d0e-a6b8-b9a90b89def9,46a037a8-0788-4954-8298-afd71dd6ec97,zhengning,1783,"SELECT DISTINCT tv_channel.series_name , tv_channel.content FROM tv_channel",List the number of different series names and contents in the TV Channel table.,,,"A1b, I2, L4",115.348999977112,36,2,"SELECT count(DISTINCT series_name) ,  count(DISTINCT content) FROM TV_Channel;"
166,85b028c2-ef20-4b48-8053-b7356baa5b6c,a581d142-18ce-4aa8-bf5a-bd8f738f9428,toby,2174,SELECT person.name FROM person WHERE personfriend.friend NOT IN (SELECT personfriend.name FROM personfriend),What are the names of all people who do not have friends?,,,"F3, I2, A1d",6155.95300006866,40,2,SELECT name FROM person EXCEPT SELECT name FROM PersonFriend
167,ff7e50db-f5f5-427d-a662-c8e8d847d3ba,a581d142-18ce-4aa8-bf5a-bd8f738f9428,toby,1146,SELECT COUNT( * ) FROM home_game JOIN park ON home_game.park_id = park.park_id WHERE home_game.attendance = 1907 AND park.park_alias = 'Columbia Park',"How many games were played in park ""Columbia Park"" in 1907?","WHERE home_game.attendance = 1907 AND park.park_alias = 'Columbia Park', home_game.park_id = park.park_id",,BF4,20.308000087738,41,2,SELECT count(*) FROM home_game AS T1 JOIN park AS T2 ON T1.park_id  =  T2.park_id WHERE T1.year = 1907 AND T2.park_name = 'Columbia Park';
168,06fa31f2-25e8-416d-a3bc-03546090016d,a581d142-18ce-4aa8-bf5a-bd8f738f9428,toby,1153,SELECT SUM( salary.salary ) FROM salary JOIN player ON salary.player_id = player.player_id WHERE player.name_first = 'Barker' AND player.name_last = 'Len' AND salary.year BETWEEN 1985 and 1990,Compute the total salary that the player with first name Len and last name Barker received between 1985 to 1990.,,,BF4,25.0009999275208,42,2,SELECT sum(T1.salary) FROM salary AS T1 JOIN player AS T2 ON T1.player_id = T2.player_id WHERE T2.name_first  =  'Len' AND T2.name_last = 'Barker' AND T1.year BETWEEN 1985 AND 1990;
169,495dc6c0-e76e-4f30-9863-0c49c6695363,a581d142-18ce-4aa8-bf5a-bd8f738f9428,toby,2349,"SELECT COUNT( * ) , airports.city FROM airports WHERE airports.country = 'US' GROUP BY airports.city ORDER BY COUNT( * ) DESC",How many airports are there per city in the US ordered from most to least?,,,D1c,17.6900000572205,43,2,"SELECT count(*) ,  city FROM airports WHERE country  =  'United States' GROUP BY city ORDER BY count(*) DESC"
170,679b2411-b28d-4ab6-978b-180a8381e96a,a581d142-18ce-4aa8-bf5a-bd8f738f9428,toby,2170,"SELECT DISTINCT personfriend.name , person.age FROM person JOIN personfriend ON person.name = personfriend.name WHERE person.gender = 'Dan' OR person.gender = 'alice'",What are the different names and ages of every friend of either Dan or alice?,,,"CL1, BF4",24.9869999885559,44,2,"SELECT DISTINCT T1.name ,  T1.age FROM Person AS T1 JOIN PersonFriend AS T2 ON T1.name  =  T2.name WHERE T2.friend  =  'Dan' OR T2.friend  =  'Alice'"
171,4449b61e-0862-4feb-9f4c-ac5fec1c5fb7,a581d142-18ce-4aa8-bf5a-bd8f738f9428,toby,2296,SELECT student.stuid FROM sportsinfo JOIN student ON sportsinfo.stuid = student.stuid WHERE student.sex = 'm' AND sportsinfo.sportname != 'football',Show all male student ids who don't play football.,WHERE student.sex = 'm' AND sportsinfo.sportname != 'football',,"D1a, F1",20.7649998664856,45,2,"SELECT StuID FROM Student WHERE sex  =  'M' EXCEPT SELECT StuID FROM Sportsinfo WHERE sportname  =  ""Football"""
172,254e3a61-11a2-4ef1-afc3-6bbbca7ebd7a,a581d142-18ce-4aa8-bf5a-bd8f738f9428,toby,1739,SELECT cars_data.accelerate FROM cars_data JOIN car_names ON cars_data.id = car_names.makeid WHERE car_names.make = 'amc hornet sportabout (sw',What is the accelerate of the car make amc hornet sportabout (sw)?,WHERE car_names.make = 'amc hornet sportabout (sw',,D1c,18.3669998645782,46,2,SELECT T1.Accelerate FROM CARS_DATA AS T1 JOIN CAR_NAMES AS T2 ON T1.Id  =  T2.MakeId WHERE T2.Make  =  'amc hornet sportabout (sw)';
173,b9bbda76-c58d-402b-8046-b2f2f5d96265,46a037a8-0788-4954-8298-afd71dd6ec97,zhengning,597,SELECT COUNT( * ) FROM addresses JOIN staff ON addresses.address_id = staff.staff_address_id WHERE addresses.state_province_county = 'Georgia',How many staff live in state Georgia?,"JOIN, ON, staff, addresses.address_id = staff.staff_address_id",,F3,20547.8440001011,37,2,"SELECT count(*) FROM Addresses WHERE state_province_county = ""Georgia"";"
174,351e46b4-8cbc-4236-b624-beee4758a15b,46a037a8-0788-4954-8298-afd71dd6ec97,zhengning,513,SELECT video_games.gname FROM video_games WHERE video_games.gtype = 'collectible cards',What are the names of all video games that are collectible cards?,WHERE video_games.gtype = 'collectible cards',,D1,20.2420001029968,38,2,"SELECT gname FROM Video_games WHERE gtype  =  ""Collectible card game"""
175,e8dfe3b2-0130-4c18-8603-33d48d622285,46a037a8-0788-4954-8298-afd71dd6ec97,zhengning,530,SELECT sportsinfo.stuid FROM sportsinfo WHERE sportsinfo.onscholarship = 'y',List ids for all student who are on scholarship.,WHERE sportsinfo.onscholarship = 'y',,D1a,11.3210000991821,39,2,SELECT StuID FROM Sportsinfo WHERE onscholarship  =  'Y'
176,c60c8b12-a6c0-4127-b3cf-da1edb6dd829,46a037a8-0788-4954-8298-afd71dd6ec97,zhengning,2174,SELECT person.name FROM person WHERE personfriend.friend NOT IN (SELECT personfriend.name FROM personfriend),What are the names of all people who do not have friends?,,,"I2, CF5",60.7579998970032,40,2,SELECT name FROM person EXCEPT SELECT name FROM PersonFriend
177,dbc4a28f-5cfe-4c1e-b48a-8456d0b25589,46a037a8-0788-4954-8298-afd71dd6ec97,zhengning,1146,SELECT COUNT( * ) FROM home_game JOIN park ON home_game.park_id = park.park_id WHERE home_game.attendance = 1907 AND park.park_alias = 'Columbia Park',"How many games were played in park ""Columbia Park"" in 1907?",WHERE home_game.attendance = 1907 AND park.park_alias = 'Columbia Park',,BF4,53.5249998569489,41,2,SELECT count(*) FROM home_game AS T1 JOIN park AS T2 ON T1.park_id  =  T2.park_id WHERE T1.year = 1907 AND T2.park_name = 'Columbia Park';
178,5216eeb8-2a77-4c61-bff9-da363ae8978d,46a037a8-0788-4954-8298-afd71dd6ec97,zhengning,1153,SELECT SUM( salary.salary ) FROM salary JOIN player ON salary.player_id = player.player_id WHERE player.name_first = 'Barker' AND player.name_last = 'Len' AND salary.year BETWEEN 1985 and 1990,Compute the total salary that the player with first name Len and last name Barker received between 1985 to 1990.,,,"I1, DF2",45.5329999923706,42,2,SELECT sum(T1.salary) FROM salary AS T1 JOIN player AS T2 ON T1.player_id = T2.player_id WHERE T2.name_first  =  'Len' AND T2.name_last = 'Barker' AND T1.year BETWEEN 1985 AND 1990;
179,5f03a73b-0045-4302-ae46-e888bcc77eca,46a037a8-0788-4954-8298-afd71dd6ec97,zhengning,2349,"SELECT COUNT( * ) , airports.city FROM airports WHERE airports.country = 'US' GROUP BY airports.city ORDER BY COUNT( * ) DESC",How many airports are there per city in the US ordered from most to least?,,,D1c,17.6010000705719,43,2,"SELECT count(*) ,  city FROM airports WHERE country  =  'United States' GROUP BY city ORDER BY count(*) DESC"
180,89722364-c6a6-4a39-9661-5a975d487dbe,46a037a8-0788-4954-8298-afd71dd6ec97,zhengning,2170,"SELECT DISTINCT personfriend.name , person.age FROM person JOIN personfriend ON person.name = personfriend.name WHERE person.gender = 'Dan' OR person.gender = 'alice'",What are the different names and ages of every friend of either Dan or alice?,,,"I2, CM6",107.53400015831,44,2,"SELECT DISTINCT T1.name ,  T1.age FROM Person AS T1 JOIN PersonFriend AS T2 ON T1.name  =  T2.name WHERE T2.friend  =  'Dan' OR T2.friend  =  'Alice'"
181,a36a1af8-c52a-456a-911e-11e64024bbbb,30296ab2-d803-4145-babe-52003db42d46,zhengning,2296,SELECT student.stuid FROM sportsinfo JOIN student ON sportsinfo.stuid = student.stuid WHERE student.sex = 'm' AND sportsinfo.sportname != 'football',Show all male student ids who don't play football.,"WHERE student.sex = 'm' AND sportsinfo.sportname != 'football', sportsinfo",,"CL1, D1a",63.114000082016,45,2,"SELECT StuID FROM Student WHERE sex  =  'M' EXCEPT SELECT StuID FROM Sportsinfo WHERE sportname  =  ""Football"""
182,dabf9754-690a-45ba-ab37-55b6f45c4bce,30296ab2-d803-4145-babe-52003db42d46,zhengning,1739,SELECT cars_data.accelerate FROM cars_data JOIN car_names ON cars_data.id = car_names.makeid WHERE car_names.make = 'amc hornet sportabout (sw',What is the accelerate of the car make amc hornet sportabout (sw)?,WHERE car_names.make = 'amc hornet sportabout (sw',,D1,48.8420000076294,46,2,SELECT T1.Accelerate FROM CARS_DATA AS T1 JOIN CAR_NAMES AS T2 ON T1.Id  =  T2.MakeId WHERE T2.Make  =  'amc hornet sportabout (sw)';
